speed_rpm,target_torque_nm,state,flux_scale,psi_f_wb,ke_relative,id_a,iq_a,torque_nm,current_a,voltage_v,voltage_margin_v,current_margin_a,copper_loss_w,feasible
0.0,100.0,psi_100pct,1.0,0.055,1.0,-122.0,198.0,100.12464000000001,232.568269546815,8.139889434138526,199.70620747412678,27.431730453184997,2839.6200000000003,True
0.0,100.0,psi_85pct,0.85,0.04675,0.85,-136.0,210.0,100.0314,250.1919263285688,8.756717421499909,199.0893794867654,9.808073671431202,3286.2899999999995,True
0.0,100.0,psi_70pct,0.7,0.0385,0.7,,,,,,,,,False
0.0,100.0,psi_55pct,0.55,0.030250000000000003,0.55,,,,,,,,,False
250.0,100.0,psi_100pct,1.0,0.055,1.0,-122.0,198.0,100.12464000000001,232.568269546815,16.625047252303958,191.22104965596134,27.431730453184997,2839.6200000000003,True
250.0,100.0,psi_85pct,0.85,0.04675,0.85,-136.0,210.0,100.0314,250.1919263285688,17.018788285780875,190.82730862248442,9.808073671431202,3286.2899999999995,True
250.0,100.0,psi_70pct,0.7,0.0385,0.7,,,,,,,,,False
250.0,100.0,psi_55pct,0.55,0.030250000000000003,0.55,,,,,,,,,False
500.0,100.0,psi_100pct,1.0,0.055,1.0,-122.0,198.0,100.12464000000001,232.568269546815,25.732173175093376,182.11392373317193,27.431730453184997,2839.6200000000003,True
500.0,100.0,psi_85pct,0.85,0.04675,0.85,-136.0,210.0,100.0314,250.1919263285688,26.15518111028493,181.69091579798038,9.808073671431202,3286.2899999999995,True
500.0,100.0,psi_70pct,0.7,0.0385,0.7,,,,,,,,,False
500.0,100.0,psi_55pct,0.55,0.030250000000000003,0.55,,,,,,,,,False
750.0,100.0,psi_100pct,1.0,0.055,1.0,-122.0,198.0,100.12464000000001,232.568269546815,34.978785292159124,172.86731161610618,27.431730453184997,2839.6200000000003,True
750.0,100.0,psi_85pct,0.85,0.04675,0.85,-136.0,210.0,100.0314,250.1919263285688,35.497086254884636,172.34901065338067,9.808073671431202,3286.2899999999995,True
750.0,100.0,psi_70pct,0.7,0.0385,0.7,,,,,,,,,False
750.0,100.0,psi_55pct,0.55,0.030250000000000003,0.55,,,,,,,,,False
1000.0,100.0,psi_100pct,1.0,0.055,1.0,-122.0,198.0,100.12464000000001,232.568269546815,44.27758178522463,163.56851512304067,27.431730453184997,2839.6200000000003,True
1000.0,100.0,psi_85pct,0.85,0.04675,0.85,-136.0,210.0,100.0314,250.1919263285688,44.916456402314,162.9296405059513,9.808073671431202,3286.2899999999995,True
1000.0,100.0,psi_70pct,0.7,0.0385,0.7,,,,,,,,,False
1000.0,100.0,psi_55pct,0.55,0.030250000000000003,0.55,,,,,,,,,False
1250.0,100.0,psi_100pct,1.0,0.055,1.0,-122.0,198.0,100.12464000000001,232.568269546815,53.601410625186546,154.24468628307875,27.431730453184997,2839.6200000000003,True
1250.0,100.0,psi_85pct,0.85,0.04675,0.85,-136.0,210.0,100.0314,250.1919263285688,54.373047260334516,153.4730496479308,9.808073671431202,3286.2899999999995,True
1250.0,100.0,psi_70pct,0.7,0.0385,0.7,,,,,,,,,False
1250.0,100.0,psi_55pct,0.55,0.030250000000000003,0.55,,,,,,,,,False
1500.0,100.0,psi_100pct,1.0,0.055,1.0,-122.0,198.0,100.12464000000001,232.568269546815,62.9391478914577,144.9069490168076,27.431730453184997,2839.6200000000003,True
1500.0,100.0,psi_85pct,0.85,0.04675,0.85,-136.0,210.0,100.0314,250.1919263285688,63.85032318232624,143.99577372593907,9.808073671431202,3286.2899999999995,True
1500.0,100.0,psi_70pct,0.7,0.0385,0.7,,,,,,,,,False
1500.0,100.0,psi_55pct,0.55,0.030250000000000003,0.55,,,,,,,,,False
1750.0,100.0,psi_100pct,1.0,0.055,1.0,-122.0,198.0,100.12464000000001,232.568269546815,72.28540376608558,135.56069314217973,27.431730453184997,2839.6200000000003,True
1750.0,100.0,psi_85pct,0.85,0.04675,0.85,-136.0,210.0,100.0314,250.1919263285688,73.34026562591511,134.5058312823502,9.808073671431202,3286.2899999999995,True
1750.0,100.0,psi_70pct,0.7,0.0385,0.7,,,,,,,,,False
1750.0,100.0,psi_55pct,0.55,0.030250000000000003,0.55,,,,,,,,,False
2000.0,100.0,psi_100pct,1.0,0.055,1.0,-122.0,198.0,100.12464000000001,232.568269546815,81.63725253816162,126.20884437010369,27.431730453184997,2839.6200000000003,True
2000.0,100.0,psi_85pct,0.85,0.04675,0.85,-136.0,210.0,100.0314,250.1919263285688,82.83852149303128,125.00757541523403,9.808073671431202,3286.2899999999995,True
2000.0,100.0,psi_70pct,0.7,0.0385,0.7,,,,,,,,,False
2000.0,100.0,psi_55pct,0.55,0.030250000000000003,0.55,,,,,,,,,False
2250.0,100.0,psi_100pct,1.0,0.055,1.0,-122.0,198.0,100.12464000000001,232.568269546815,90.99296978538203,116.85312712288328,27.431730453184997,2839.6200000000003,True
2250.0,100.0,psi_85pct,0.85,0.04675,0.85,-136.0,210.0,100.0314,250.1919263285688,92.34252548908529,115.50357141918002,9.808073671431202,3286.2899999999995,True
2250.0,100.0,psi_70pct,0.7,0.0385,0.7,,,,,,,,,False
2250.0,100.0,psi_55pct,0.55,0.030250000000000003,0.55,,,,,,,,,False
2500.0,100.0,psi_100pct,1.0,0.055,1.0,-122.0,198.0,100.12464000000001,232.568269546815,100.35147354562181,107.4946233626435,27.431730453184997,2839.6200000000003,True
2500.0,100.0,psi_85pct,0.85,0.04675,0.85,-136.0,210.0,100.0314,250.1919263285688,101.85066849919379,105.99542840907152,9.808073671431202,3286.2899999999995,True
2500.0,100.0,psi_70pct,0.7,0.0385,0.7,,,,,,,,,False
2500.0,100.0,psi_55pct,0.55,0.030250000000000003,0.55,,,,,,,,,False
2750.0,100.0,psi_100pct,1.0,0.055,1.0,-122.0,198.0,100.12464000000001,232.568269546815,109.71205074750053,98.13404616076478,27.431730453184997,2839.6200000000003,True
2750.0,100.0,psi_85pct,0.85,0.04675,0.85,-136.0,210.0,100.0314,250.1919263285688,111.36189035411667,96.48420655414864,9.808073671431202,3286.2899999999995,True
2750.0,100.0,psi_70pct,0.7,0.0385,0.7,,,,,,,,,False
2750.0,100.0,psi_55pct,0.55,0.030250000000000003,0.55,,,,,,,,,False
3000.0,100.0,psi_100pct,1.0,0.055,1.0,-122.0,198.0,100.12464000000001,232.568269546815,119.07421240426896,88.77188450399635,27.431730453184997,2839.6200000000003,True
3000.0,100.0,psi_85pct,0.85,0.04675,0.85,-136.0,210.0,100.0314,250.1919263285688,120.87546426893795,86.97063263932736,9.808073671431202,3286.2899999999995,True
3000.0,100.0,psi_70pct,0.7,0.0385,0.7,,,,,,,,,False
3000.0,100.0,psi_55pct,0.55,0.030250000000000003,0.55,,,,,,,,,False
3250.0,100.0,psi_100pct,1.0,0.055,1.0,-122.0,198.0,100.12464000000001,232.568269546815,128.4376120309082,79.4084848773571,27.431730453184997,2839.6200000000003,True
3250.0,100.0,psi_85pct,0.85,0.04675,0.85,-136.0,210.0,100.0314,250.1919263285688,130.39087541196898,77.45522149629633,9.808073671431202,3286.2899999999995,True
3250.0,100.0,psi_70pct,0.7,0.0385,0.7,,,,,,,,,False
3250.0,100.0,psi_55pct,0.55,0.030250000000000003,0.55,,,,,,,,,False
3500.0,100.0,psi_100pct,1.0,0.055,1.0,-122.0,198.0,100.12464000000001,232.568269546815,137.80199727412352,70.04409963414179,27.431730453184997,2839.6200000000003,True
3500.0,100.0,psi_85pct,0.85,0.04675,0.85,-136.0,210.0,100.0314,250.1919263285688,139.90774892280723,67.93834798545808,9.808073671431202,3286.2899999999995,True
3500.0,100.0,psi_70pct,0.7,0.0385,0.7,,,,,,,,,False
3500.0,100.0,psi_55pct,0.55,0.030250000000000003,0.55,,,,,,,,,False
3750.0,100.0,psi_100pct,1.0,0.055,1.0,-122.0,198.0,100.12464000000001,232.568269546815,147.16717998692278,60.678916921342534,27.431730453184997,2839.6200000000003,True
3750.0,100.0,psi_85pct,0.85,0.04675,0.85,-136.0,210.0,100.0314,250.1919263285688,149.42580538874228,58.42029151952303,9.808073671431202,3286.2899999999995,True
3750.0,100.0,psi_70pct,0.7,0.0385,0.7,,,,,,,,,False
3750.0,100.0,psi_55pct,0.55,0.030250000000000003,0.55,,,,,,,,,False
4000.0,100.0,psi_100pct,1.0,0.055,1.0,-122.0,198.0,100.12464000000001,232.568269546815,156.53301703442443,51.31307987384088,27.431730453184997,2839.6200000000003,True
4000.0,100.0,psi_85pct,0.85,0.04675,0.85,-136.0,210.0,100.0314,250.1919263285688,158.94483229404037,48.90126461422494,9.808073671431202,3286.2899999999995,True
4000.0,100.0,psi_70pct,0.7,0.0385,0.7,,,,,,,,,False
4000.0,100.0,psi_55pct,0.55,0.030250000000000003,0.55,,,,,,,,,False
4250.0,100.0,psi_100pct,1.0,0.055,1.0,-122.0,198.0,100.12464000000001,232.568269546815,165.8993975954277,41.94669931283761,27.431730453184997,2839.6200000000003,True
4250.0,100.0,psi_85pct,0.85,0.04675,0.85,-136.0,210.0,100.0314,250.1919263285688,168.46466513594567,39.381431772319644,9.808073671431202,3286.2899999999995,True
4250.0,100.0,psi_70pct,0.7,0.0385,0.7,,,,,,,,,False
4250.0,100.0,psi_55pct,0.55,0.030250000000000003,0.55,,,,,,,,,False
4500.0,100.0,psi_100pct,1.0,0.055,1.0,-122.0,198.0,100.12464000000001,232.568269546815,175.2662345324465,32.579862375818806,27.431730453184997,2839.6200000000003,True
4500.0,100.0,psi_85pct,0.85,0.04675,0.85,-136.0,210.0,100.0314,250.1919263285688,177.98517459392886,29.86092231433645,9.808073671431202,3286.2899999999995,True
4500.0,100.0,psi_70pct,0.7,0.0385,0.7,,,,,,,,,False
4500.0,100.0,psi_55pct,0.55,0.030250000000000003,0.55,,,,,,,,,False
4750.0,100.0,psi_100pct,1.0,0.055,1.0,-122.0,198.0,100.12464000000001,232.568269546815,184.63345838679825,23.212638521467056,27.431730453184997,2839.6200000000003,True
4750.0,100.0,psi_85pct,0.85,0.04675,0.85,-136.0,210.0,100.0314,250.1919263285688,187.5062576037816,20.339839304483718,9.808073671431202,3286.2899999999995,True
4750.0,100.0,psi_70pct,0.7,0.0385,0.7,,,,,,,,,False
4750.0,100.0,psi_55pct,0.55,0.030250000000000003,0.55,,,,,,,,,False
5000.0,100.0,psi_100pct,1.0,0.055,1.0,-122.0,198.0,100.12464000000001,232.568269546815,194.0010131122694,13.845083795995919,27.431730453184997,2839.6200000000003,True
5000.0,100.0,psi_85pct,0.85,0.04675,0.85,-136.0,210.0,100.0314,250.1919263285688,197.02783101734488,10.81826589092043,9.808073671431202,3286.2899999999995,True
5000.0,100.0,psi_70pct,0.7,0.0385,0.7,,,,,,,,,False
5000.0,100.0,psi_55pct,0.55,0.030250000000000003,0.55,,,,,,,,,False
5250.0,100.0,psi_100pct,1.0,0.055,1.0,-122.0,198.0,100.12464000000001,232.568269546815,203.36885298721282,4.477243921052491,27.431730453184997,2839.6200000000003,True
5250.0,100.0,psi_85pct,0.85,0.04675,0.85,-136.0,210.0,100.0314,250.1919263285688,206.54982701445786,1.2962698938074482,9.808073671431202,3286.2899999999995,True
5250.0,100.0,psi_70pct,0.7,0.0385,0.7,,,,,,,,,False
5250.0,100.0,psi_55pct,0.55,0.030250000000000003,0.55,,,,,,,,,False
5500.0,100.0,psi_100pct,1.0,0.055,1.0,-134.0,192.0,100.40832000000002,234.13671220037236,205.77133470447046,2.0747622037948474,25.863287799627642,2878.0499999999997,True
5500.0,100.0,psi_85pct,0.85,0.04675,0.85,-150.0,202.0,100.293,251.60286166894048,207.47798379380706,0.3681131144582537,8.397138331059523,3323.4599999999996,True
5500.0,100.0,psi_70pct,0.7,0.0385,0.7,,,,,,,,,False
5500.0,100.0,psi_55pct,0.55,0.030250000000000003,0.55,,,,,,,,,False
5750.0,100.0,psi_100pct,1.0,0.055,1.0,-146.0,186.0,100.48464000000001,236.4571842850202,207.55690708192185,0.2891898263434598,23.54281571497981,2935.3799999999997,True
5750.0,100.0,psi_85pct,0.85,0.04675,0.85,-164.0,194.0,100.23204,254.03149411047443,207.68106671119418,0.16503019707113253,5.968505889525574,3387.93,True
5750.0,100.0,psi_70pct,0.7,0.0385,0.7,,,,,,,,,False
5750.0,100.0,psi_55pct,0.55,0.030250000000000003,0.55,,,,,,,,,False
6000.0,100.0,psi_100pct,1.0,0.055,1.0,-162.0,178.0,100.26384000000002,240.68236329236922,206.23285094764125,1.613245960624056,19.317636707630783,3041.2200000000003,True
6000.0,100.0,psi_85pct,0.85,0.04675,0.85,-180.0,186.0,100.38419999999999,258.8358553214759,207.06138035630158,0.7847165519637258,1.16414467852411,3517.2899999999995,True
6000.0,100.0,psi_70pct,0.7,0.0385,0.7,,,,,,,,,False
6000.0,100.0,psi_55pct,0.55,0.030250000000000003,0.55,,,,,,,,,False
6250.0,100.0,psi_100pct,1.0,0.055,1.0,-176.0,172.0,100.35168000000002,246.0894146443524,206.4809791386177,1.3651177696476111,13.910585355647612,3179.3999999999996,True
6250.0,100.0,psi_85pct,0.85,0.04675,0.85,,,,,,,,,False
6250.0,100.0,psi_70pct,0.7,0.0385,0.7,,,,,,,,,False
6250.0,100.0,psi_55pct,0.55,0.030250000000000003,0.55,,,,,,,,,False
6500.0,100.0,psi_100pct,1.0,0.055,1.0,-190.0,166.0,100.1976,252.30140705116966,206.16135403983577,1.684742868429538,7.698592948830338,3341.9399999999996,True
6500.0,100.0,psi_85pct,0.85,0.04675,0.85,,,,,,,,,False
6500.0,100.0,psi_70pct,0.7,0.0385,0.7,,,,,,,,,False
6500.0,100.0,psi_55pct,0.55,0.030250000000000003,0.55,,,,,,,,,False
6750.0,100.0,psi_100pct,1.0,0.055,1.0,-202.0,162.0,100.58256,258.93628559937287,207.81525482375716,0.0308420845081514,1.0637144006271342,3520.0200000000004,True
6750.0,100.0,psi_85pct,0.85,0.04675,0.85,,,,,,,,,False
6750.0,100.0,psi_70pct,0.7,0.0385,0.7,,,,,,,,,False
6750.0,100.0,psi_55pct,0.55,0.030250000000000003,0.55,,,,,,,,,False
7000.0,100.0,psi_100pct,1.0,0.055,1.0,,,,,,,,,False
7000.0,100.0,psi_85pct,0.85,0.04675,0.85,,,,,,,,,False
7000.0,100.0,psi_70pct,0.7,0.0385,0.7,,,,,,,,,False
7000.0,100.0,psi_55pct,0.55,0.030250000000000003,0.55,,,,,,,,,False
7250.0,100.0,psi_100pct,1.0,0.055,1.0,,,,,,,,,False
7250.0,100.0,psi_85pct,0.85,0.04675,0.85,,,,,,,,,False
7250.0,100.0,psi_70pct,0.7,0.0385,0.7,,,,,,,,,False
7250.0,100.0,psi_55pct,0.55,0.030250000000000003,0.55,,,,,,,,,False
7500.0,100.0,psi_100pct,1.0,0.055,1.0,,,,,,,,,False
7500.0,100.0,psi_85pct,0.85,0.04675,0.85,,,,,,,,,False
7500.0,100.0,psi_70pct,0.7,0.0385,0.7,,,,,,,,,False
7500.0,100.0,psi_55pct,0.55,0.030250000000000003,0.55,,,,,,,,,False
7750.0,100.0,psi_100pct,1.0,0.055,1.0,,,,,,,,,False
7750.0,100.0,psi_85pct,0.85,0.04675,0.85,,,,,,,,,False
7750.0,100.0,psi_70pct,0.7,0.0385,0.7,,,,,,,,,False
7750.0,100.0,psi_55pct,0.55,0.030250000000000003,0.55,,,,,,,,,False
8000.0,100.0,psi_100pct,1.0,0.055,1.0,,,,,,,,,False
8000.0,100.0,psi_85pct,0.85,0.04675,0.85,,,,,,,,,False
8000.0,100.0,psi_70pct,0.7,0.0385,0.7,,,,,,,,,False
8000.0,100.0,psi_55pct,0.55,0.030250000000000003,0.55,,,,,,,,,False
8250.0,100.0,psi_100pct,1.0,0.055,1.0,,,,,,,,,False
8250.0,100.0,psi_85pct,0.85,0.04675,0.85,,,,,,,,,False
8250.0,100.0,psi_70pct,0.7,0.0385,0.7,,,,,,,,,False
8250.0,100.0,psi_55pct,0.55,0.030250000000000003,0.55,,,,,,,,,False
8500.0,100.0,psi_100pct,1.0,0.055,1.0,,,,,,,,,False
8500.0,100.0,psi_85pct,0.85,0.04675,0.85,,,,,,,,,False
8500.0,100.0,psi_70pct,0.7,0.0385,0.7,,,,,,,,,False
8500.0,100.0,psi_55pct,0.55,0.030250000000000003,0.55,,,,,,,,,False
8750.0,100.0,psi_100pct,1.0,0.055,1.0,,,,,,,,,False
8750.0,100.0,psi_85pct,0.85,0.04675,0.85,,,,,,,,,False
8750.0,100.0,psi_70pct,0.7,0.0385,0.7,,,,,,,,,False
8750.0,100.0,psi_55pct,0.55,0.030250000000000003,0.55,,,,,,,,,False
9000.0,100.0,psi_100pct,1.0,0.055,1.0,,,,,,,,,False
9000.0,100.0,psi_85pct,0.85,0.04675,0.85,,,,,,,,,False
9000.0,100.0,psi_70pct,0.7,0.0385,0.7,,,,,,,,,False
9000.0,100.0,psi_55pct,0.55,0.030250000000000003,0.55,,,,,,,,,False
9250.0,100.0,psi_100pct,1.0,0.055,1.0,,,,,,,,,False
9250.0,100.0,psi_85pct,0.85,0.04675,0.85,,,,,,,,,False
9250.0,100.0,psi_70pct,0.7,0.0385,0.7,,,,,,,,,False
9250.0,100.0,psi_55pct,0.55,0.030250000000000003,0.55,,,,,,,,,False
9500.0,100.0,psi_100pct,1.0,0.055,1.0,,,,,,,,,False
9500.0,100.0,psi_85pct,0.85,0.04675,0.85,,,,,,,,,False
9500.0,100.0,psi_70pct,0.7,0.0385,0.7,,,,,,,,,False
9500.0,100.0,psi_55pct,0.55,0.030250000000000003,0.55,,,,,,,,,False
9750.0,100.0,psi_100pct,1.0,0.055,1.0,,,,,,,,,False
9750.0,100.0,psi_85pct,0.85,0.04675,0.85,,,,,,,,,False
9750.0,100.0,psi_70pct,0.7,0.0385,0.7,,,,,,,,,False
9750.0,100.0,psi_55pct,0.55,0.030250000000000003,0.55,,,,,,,,,False
10000.0,100.0,psi_100pct,1.0,0.055,1.0,,,,,,,,,False
10000.0,100.0,psi_85pct,0.85,0.04675,0.85,,,,,,,,,False
10000.0,100.0,psi_70pct,0.7,0.0385,0.7,,,,,,,,,False
10000.0,100.0,psi_55pct,0.55,0.030250000000000003,0.55,,,,,,,,,False
10250.0,100.0,psi_100pct,1.0,0.055,1.0,,,,,,,,,False
10250.0,100.0,psi_85pct,0.85,0.04675,0.85,,,,,,,,,False
10250.0,100.0,psi_70pct,0.7,0.0385,0.7,,,,,,,,,False
10250.0,100.0,psi_55pct,0.55,0.030250000000000003,0.55,,,,,,,,,False
10500.0,100.0,psi_100pct,1.0,0.055,1.0,,,,,,,,,False
10500.0,100.0,psi_85pct,0.85,0.04675,0.85,,,,,,,,,False
10500.0,100.0,psi_70pct,0.7,0.0385,0.7,,,,,,,,,False
10500.0,100.0,psi_55pct,0.55,0.030250000000000003,0.55,,,,,,,,,False
10750.0,100.0,psi_100pct,1.0,0.055,1.0,,,,,,,,,False
10750.0,100.0,psi_85pct,0.85,0.04675,0.85,,,,,,,,,False
10750.0,100.0,psi_70pct,0.7,0.0385,0.7,,,,,,,,,False
10750.0,100.0,psi_55pct,0.55,0.030250000000000003,0.55,,,,,,,,,False
11000.0,100.0,psi_100pct,1.0,0.055,1.0,,,,,,,,,False
11000.0,100.0,psi_85pct,0.85,0.04675,0.85,,,,,,,,,False
11000.0,100.0,psi_70pct,0.7,0.0385,0.7,,,,,,,,,False
11000.0,100.0,psi_55pct,0.55,0.030250000000000003,0.55,,,,,,,,,False
11250.0,100.0,psi_100pct,1.0,0.055,1.0,,,,,,,,,False
11250.0,100.0,psi_85pct,0.85,0.04675,0.85,,,,,,,,,False
11250.0,100.0,psi_70pct,0.7,0.0385,0.7,,,,,,,,,False
11250.0,100.0,psi_55pct,0.55,0.030250000000000003,0.55,,,,,,,,,False
11500.0,100.0,psi_100pct,1.0,0.055,1.0,,,,,,,,,False
11500.0,100.0,psi_85pct,0.85,0.04675,0.85,,,,,,,,,False
11500.0,100.0,psi_70pct,0.7,0.0385,0.7,,,,,,,,,False
11500.0,100.0,psi_55pct,0.55,0.030250000000000003,0.55,,,,,,,,,False
11750.0,100.0,psi_100pct,1.0,0.055,1.0,,,,,,,,,False
11750.0,100.0,psi_85pct,0.85,0.04675,0.85,,,,,,,,,False
11750.0,100.0,psi_70pct,0.7,0.0385,0.7,,,,,,,,,False
11750.0,100.0,psi_55pct,0.55,0.030250000000000003,0.55,,,,,,,,,False
12000.0,100.0,psi_100pct,1.0,0.055,1.0,,,,,,,,,False
12000.0,100.0,psi_85pct,0.85,0.04675,0.85,,,,,,,,,False
12000.0,100.0,psi_70pct,0.7,0.0385,0.7,,,,,,,,,False
12000.0,100.0,psi_55pct,0.55,0.030250000000000003,0.55,,,,,,,,,False
12250.0,100.0,psi_100pct,1.0,0.055,1.0,,,,,,,,,False
12250.0,100.0,psi_85pct,0.85,0.04675,0.85,,,,,,,,,False
12250.0,100.0,psi_70pct,0.7,0.0385,0.7,,,,,,,,,False
12250.0,100.0,psi_55pct,0.55,0.030250000000000003,0.55,,,,,,,,,False
12500.0,100.0,psi_100pct,1.0,0.055,1.0,,,,,,,,,False
12500.0,100.0,psi_85pct,0.85,0.04675,0.85,,,,,,,,,False
12500.0,100.0,psi_70pct,0.7,0.0385,0.7,,,,,,,,,False
12500.0,100.0,psi_55pct,0.55,0.030250000000000003,0.55,,,,,,,,,False
12750.0,100.0,psi_100pct,1.0,0.055,1.0,,,,,,,,,False
12750.0,100.0,psi_85pct,0.85,0.04675,0.85,,,,,,,,,False
12750.0,100.0,psi_70pct,0.7,0.0385,0.7,,,,,,,,,False
12750.0,100.0,psi_55pct,0.55,0.030250000000000003,0.55,,,,,,,,,False
13000.0,100.0,psi_100pct,1.0,0.055,1.0,,,,,,,,,False
13000.0,100.0,psi_85pct,0.85,0.04675,0.85,,,,,,,,,False
13000.0,100.0,psi_70pct,0.7,0.0385,0.7,,,,,,,,,False
13000.0,100.0,psi_55pct,0.55,0.030250000000000003,0.55,,,,,,,,,False
13250.0,100.0,psi_100pct,1.0,0.055,1.0,,,,,,,,,False
13250.0,100.0,psi_85pct,0.85,0.04675,0.85,,,,,,,,,False
13250.0,100.0,psi_70pct,0.7,0.0385,0.7,,,,,,,,,False
13250.0,100.0,psi_55pct,0.55,0.030250000000000003,0.55,,,,,,,,,False
13500.0,100.0,psi_100pct,1.0,0.055,1.0,,,,,,,,,False
13500.0,100.0,psi_85pct,0.85,0.04675,0.85,,,,,,,,,False
13500.0,100.0,psi_70pct,0.7,0.0385,0.7,,,,,,,,,False
13500.0,100.0,psi_55pct,0.55,0.030250000000000003,0.55,,,,,,,,,False
13750.0,100.0,psi_100pct,1.0,0.055,1.0,,,,,,,,,False
13750.0,100.0,psi_85pct,0.85,0.04675,0.85,,,,,,,,,False
13750.0,100.0,psi_70pct,0.7,0.0385,0.7,,,,,,,,,False
13750.0,100.0,psi_55pct,0.55,0.030250000000000003,0.55,,,,,,,,,False
14000.0,100.0,psi_100pct,1.0,0.055,1.0,,,,,,,,,False
14000.0,100.0,psi_85pct,0.85,0.04675,0.85,,,,,,,,,False
14000.0,100.0,psi_70pct,0.7,0.0385,0.7,,,,,,,,,False
14000.0,100.0,psi_55pct,0.55,0.030250000000000003,0.55,,,,,,,,,False
14250.0,100.0,psi_100pct,1.0,0.055,1.0,,,,,,,,,False
14250.0,100.0,psi_85pct,0.85,0.04675,0.85,,,,,,,,,False
14250.0,100.0,psi_70pct,0.7,0.0385,0.7,,,,,,,,,False
14250.0,100.0,psi_55pct,0.55,0.030250000000000003,0.55,,,,,,,,,False
14500.0,100.0,psi_100pct,1.0,0.055,1.0,,,,,,,,,False
14500.0,100.0,psi_85pct,0.85,0.04675,0.85,,,,,,,,,False
14500.0,100.0,psi_70pct,0.7,0.0385,0.7,,,,,,,,,False
14500.0,100.0,psi_55pct,0.55,0.030250000000000003,0.55,,,,,,,,,False
14750.0,100.0,psi_100pct,1.0,0.055,1.0,,,,,,,,,False
14750.0,100.0,psi_85pct,0.85,0.04675,0.85,,,,,,,,,False
14750.0,100.0,psi_70pct,0.7,0.0385,0.7,,,,,,,,,False
14750.0,100.0,psi_55pct,0.55,0.030250000000000003,0.55,,,,,,,,,False
15000.0,100.0,psi_100pct,1.0,0.055,1.0,,,,,,,,,False
15000.0,100.0,psi_85pct,0.85,0.04675,0.85,,,,,,,,,False
15000.0,100.0,psi_70pct,0.7,0.0385,0.7,,,,,,,,,False
15000.0,100.0,psi_55pct,0.55,0.030250000000000003,0.55,,,,,,,,,False
15250.0,100.0,psi_100pct,1.0,0.055,1.0,,,,,,,,,False
15250.0,100.0,psi_85pct,0.85,0.04675,0.85,,,,,,,,,False
15250.0,100.0,psi_70pct,0.7,0.0385,0.7,,,,,,,,,False
15250.0,100.0,psi_55pct,0.55,0.030250000000000003,0.55,,,,,,,,,False
15500.0,100.0,psi_100pct,1.0,0.055,1.0,,,,,,,,,False
15500.0,100.0,psi_85pct,0.85,0.04675,0.85,,,,,,,,,False
15500.0,100.0,psi_70pct,0.7,0.0385,0.7,,,,,,,,,False
15500.0,100.0,psi_55pct,0.55,0.030250000000000003,0.55,,,,,,,,,False
15750.0,100.0,psi_100pct,1.0,0.055,1.0,,,,,,,,,False
15750.0,100.0,psi_85pct,0.85,0.04675,0.85,,,,,,,,,False
15750.0,100.0,psi_70pct,0.7,0.0385,0.7,,,,,,,,,False
15750.0,100.0,psi_55pct,0.55,0.030250000000000003,0.55,,,,,,,,,False
16000.0,100.0,psi_100pct,1.0,0.055,1.0,,,,,,,,,False
16000.0,100.0,psi_85pct,0.85,0.04675,0.85,,,,,,,,,False
16000.0,100.0,psi_70pct,0.7,0.0385,0.7,,,,,,,,,False
16000.0,100.0,psi_55pct,0.55,0.030250000000000003,0.55,,,,,,,,,False
16250.0,100.0,psi_100pct,1.0,0.055,1.0,,,,,,,,,False
16250.0,100.0,psi_85pct,0.85,0.04675,0.85,,,,,,,,,False
16250.0,100.0,psi_70pct,0.7,0.0385,0.7,,,,,,,,,False
16250.0,100.0,psi_55pct,0.55,0.030250000000000003,0.55,,,,,,,,,False
16500.0,100.0,psi_100pct,1.0,0.055,1.0,,,,,,,,,False
16500.0,100.0,psi_85pct,0.85,0.04675,0.85,,,,,,,,,False
16500.0,100.0,psi_70pct,0.7,0.0385,0.7,,,,,,,,,False
16500.0,100.0,psi_55pct,0.55,0.030250000000000003,0.55,,,,,,,,,False
16750.0,100.0,psi_100pct,1.0,0.055,1.0,,,,,,,,,False
16750.0,100.0,psi_85pct,0.85,0.04675,0.85,,,,,,,,,False
16750.0,100.0,psi_70pct,0.7,0.0385,0.7,,,,,,,,,False
16750.0,100.0,psi_55pct,0.55,0.030250000000000003,0.55,,,,,,,,,False
17000.0,100.0,psi_100pct,1.0,0.055,1.0,,,,,,,,,False
17000.0,100.0,psi_85pct,0.85,0.04675,0.85,,,,,,,,,False
17000.0,100.0,psi_70pct,0.7,0.0385,0.7,,,,,,,,,False
17000.0,100.0,psi_55pct,0.55,0.030250000000000003,0.55,,,,,,,,,False
17250.0,100.0,psi_100pct,1.0,0.055,1.0,,,,,,,,,False
17250.0,100.0,psi_85pct,0.85,0.04675,0.85,,,,,,,,,False
17250.0,100.0,psi_70pct,0.7,0.0385,0.7,,,,,,,,,False
17250.0,100.0,psi_55pct,0.55,0.030250000000000003,0.55,,,,,,,,,False
17500.0,100.0,psi_100pct,1.0,0.055,1.0,,,,,,,,,False
17500.0,100.0,psi_85pct,0.85,0.04675,0.85,,,,,,,,,False
17500.0,100.0,psi_70pct,0.7,0.0385,0.7,,,,,,,,,False
17500.0,100.0,psi_55pct,0.55,0.030250000000000003,0.55,,,,,,,,,False
17750.0,100.0,psi_100pct,1.0,0.055,1.0,,,,,,,,,False
17750.0,100.0,psi_85pct,0.85,0.04675,0.85,,,,,,,,,False
17750.0,100.0,psi_70pct,0.7,0.0385,0.7,,,,,,,,,False
17750.0,100.0,psi_55pct,0.55,0.030250000000000003,0.55,,,,,,,,,False
18000.0,100.0,psi_100pct,1.0,0.055,1.0,,,,,,,,,False
18000.0,100.0,psi_85pct,0.85,0.04675,0.85,,,,,,,,,False
18000.0,100.0,psi_70pct,0.7,0.0385,0.7,,,,,,,,,False
18000.0,100.0,psi_55pct,0.55,0.030250000000000003,0.55,,,,,,,,,False
0.0,80.0,psi_100pct,1.0,0.055,1.0,-94.0,172.0,80.04192,196.01020381602586,6.860357133560906,200.9857397747044,63.989796183974136,2017.0499999999997,True
0.0,80.0,psi_85pct,0.85,0.04675,0.85,-114.0,180.0,80.03880000000001,213.06337085477645,7.457217979917177,200.38887892834813,46.93662914522355,2383.2900000000004,True
0.0,80.0,psi_70pct,0.7,0.0385,0.7,-126.0,194.0,80.01336,231.32660893204655,8.09643131262163,199.74966559564368,28.673391067953446,2809.379999999999,True
0.0,80.0,psi_55pct,0.55,0.030250000000000003,0.55,-152.0,200.0,80.076,251.20509548972132,8.792178342140247,199.05391856612505,8.794904510278684,3312.9600000000005,True
250.0,80.0,psi_100pct,1.0,0.055,1.0,-94.0,172.0,80.04192,196.01020381602586,14.76430410354988,193.08179280471543,63.989796183974136,2017.0499999999997,True
250.0,80.0,psi_85pct,0.85,0.04675,0.85,-114.0,180.0,80.03880000000001,213.06337085477645,14.953821677432543,192.89227523083275,46.93662914522355,2383.2900000000004,True
250.0,80.0,psi_70pct,0.7,0.0385,0.7,-126.0,194.0,80.01336,231.32660893204655,15.454972692700402,192.3911242155649,28.673391067953446,2809.379999999999,True
250.0,80.0,psi_55pct,0.55,0.030250000000000003,0.55,-152.0,200.0,80.076,251.20509548972132,15.893488577335498,191.95260833092982,8.794904510278684,3312.9600000000005,True
500.0,80.0,psi_100pct,1.0,0.055,1.0,-94.0,172.0,80.04192,196.01020381602586,23.133652900955646,184.71244400730967,63.989796183974136,2017.0499999999997,True
500.0,80.0,psi_85pct,0.85,0.04675,0.85,-114.0,180.0,80.03880000000001,213.06337085477645,23.066537419679452,184.77955948858585,46.93662914522355,2383.2900000000004,True
500.0,80.0,psi_70pct,0.7,0.0385,0.7,-126.0,194.0,80.01336,231.32660893204655,23.733069815486704,184.1130270927786,28.673391067953446,2809.379999999999,True
500.0,80.0,psi_55pct,0.55,0.030250000000000003,0.55,-152.0,200.0,80.076,251.20509548972132,24.142123713041457,183.70397319522385,8.794904510278684,3312.9600000000005,True
750.0,80.0,psi_100pct,1.0,0.055,1.0,-94.0,172.0,80.04192,196.01020381602586,31.600762057890012,176.2453348503753,63.989796183974136,2017.0499999999997,True
750.0,80.0,psi_85pct,0.85,0.04675,0.85,-114.0,180.0,80.03880000000001,213.06337085477645,31.320204298807877,176.52589260945743,46.93662914522355,2383.2900000000004,True
750.0,80.0,psi_70pct,0.7,0.0385,0.7,-126.0,194.0,80.01336,231.32660893204655,32.22979158796956,175.61630532029574,28.673391067953446,2809.379999999999,True
750.0,80.0,psi_55pct,0.55,0.030250000000000003,0.55,-152.0,200.0,80.076,251.20509548972132,32.68057335258539,175.16552355567993,8.794904510278684,3312.9600000000005,True
1000.0,80.0,psi_100pct,1.0,0.055,1.0,-94.0,172.0,80.04192,196.01020381602586,40.10375885069331,167.742338057572,63.989796183974136,2017.0499999999997,True
1000.0,80.0,psi_85pct,0.85,0.04675,0.85,-114.0,180.0,80.03880000000001,213.06337085477645,39.626846065732046,168.21925084253326,46.93662914522355,2383.2900000000004,True
1000.0,80.0,psi_70pct,0.7,0.0385,0.7,-126.0,194.0,80.01336,231.32660893204655,40.808807502102724,167.03728940616259,28.673391067953446,2809.379999999999,True
1000.0,80.0,psi_55pct,0.55,0.030250000000000003,0.55,-152.0,200.0,80.076,251.20509548972132,41.32960429270574,166.51649261555957,8.794904510278684,3312.9600000000005,True
1250.0,80.0,psi_100pct,1.0,0.055,1.0,-94.0,172.0,80.04192,196.01020381602586,48.62381957937321,159.2222773288921,63.989796183974136,2017.0499999999997,True
1250.0,80.0,psi_85pct,0.85,0.04675,0.85,-114.0,180.0,80.03880000000001,213.06337085477645,47.95894435793968,159.88715255032562,46.93662914522355,2383.2900000000004,True
1250.0,80.0,psi_70pct,0.7,0.0385,0.7,-126.0,194.0,80.01336,231.32660893204655,49.42728512356241,158.41881178470288,28.673391067953446,2809.379999999999,True
1250.0,80.0,psi_55pct,0.55,0.030250000000000003,0.55,-152.0,200.0,80.076,251.20509548972132,50.031900687357236,157.81419622090806,8.794904510278684,3312.9600000000005,True
1500.0,80.0,psi_100pct,1.0,0.055,1.0,-94.0,172.0,80.04192,196.01020381602586,57.15331339684521,150.6927835114201,63.989796183974136,2017.0499999999997,True
1500.0,80.0,psi_85pct,0.85,0.04675,0.85,-114.0,180.0,80.03880000000001,213.06337085477645,56.30519906501755,151.54089784324776,46.93662914522355,2383.2900000000004,True
1500.0,80.0,psi_70pct,0.7,0.0385,0.7,-126.0,194.0,80.01336,231.32660893204655,58.06765623503957,149.77844067322573,28.673391067953446,2809.379999999999,True
1500.0,80.0,psi_55pct,0.55,0.030250000000000003,0.55,-152.0,200.0,80.076,251.20509548972132,58.763803151664085,149.08229375660122,8.794904510278684,3312.9600000000005,True
1750.0,80.0,psi_100pct,1.0,0.055,1.0,-94.0,172.0,80.04192,196.01020381602586,65.68856581785195,142.15753109041336,63.989796183974136,2017.0499999999997,True
1750.0,80.0,psi_85pct,0.85,0.04675,0.85,-114.0,180.0,80.03880000000001,213.06337085477645,64.66012853828177,143.18596836998353,46.93662914522355,2383.2900000000004,True
1750.0,80.0,psi_70pct,0.7,0.0385,0.7,-126.0,194.0,80.01336,231.32660893204655,66.72141580915427,141.12468109911106,28.673391067953446,2809.379999999999,True
1750.0,80.0,psi_55pct,0.55,0.030250000000000003,0.55,-152.0,200.0,80.076,251.20509548972132,67.51382535722209,140.33227155104322,8.794904510278684,3312.9600000000005,True
2000.0,80.0,psi_100pct,1.0,0.055,1.0,-94.0,172.0,80.04192,196.01020381602586,74.22759036498641,133.6185065432789,63.989796183974136,2017.0499999999997,True
2000.0,80.0,psi_85pct,0.85,0.04675,0.85,-114.0,180.0,80.03880000000001,213.06337085477645,73.02075517574136,134.82534173252395,46.93662914522355,2383.2900000000004,True
2000.0,80.0,psi_70pct,0.7,0.0385,0.7,-126.0,194.0,80.01336,231.32660893204655,75.38395316994145,132.46214373832385,28.673391067953446,2809.379999999999,True
2000.0,80.0,psi_55pct,0.55,0.030250000000000003,0.55,-152.0,200.0,80.076,251.20509548972132,76.27573170375655,131.57036520450876,8.794904510278684,3312.9600000000005,True
2250.0,80.0,psi_100pct,1.0,0.055,1.0,-94.0,172.0,80.04192,196.01020381602586,82.7692195734373,125.07687733482801,63.989796183974136,2017.0499999999997,True
2250.0,80.0,psi_85pct,0.85,0.04675,0.85,-114.0,180.0,80.03880000000001,213.06337085477645,81.38532320570195,126.46077370256336,46.93662914522355,2383.2900000000004,True
2250.0,80.0,psi_70pct,0.7,0.0385,0.7,-126.0,194.0,80.01336,231.32660893204655,84.05255441972203,123.79354248854328,28.673391067953446,2809.379999999999,True
2250.0,80.0,psi_55pct,0.55,0.030250000000000003,0.55,-152.0,200.0,80.076,251.20509548972132,85.04584915550808,122.80024775275723,8.794904510278684,3312.9600000000005,True
2500.0,80.0,psi_100pct,1.0,0.055,1.0,-94.0,172.0,80.04192,196.01020381602586,91.31272250577803,116.53337440248728,63.989796183974136,2017.0499999999997,True
2500.0,80.0,psi_85pct,0.85,0.04675,0.85,-114.0,180.0,80.03880000000001,213.06337085477645,89.75273067249903,118.09336623576628,46.93662914522355,2383.2900000000004,True
2500.0,80.0,psi_70pct,0.7,0.0385,0.7,-126.0,194.0,80.01336,231.32660893204655,92.72551889547596,115.12057801278935,28.673391067953446,2809.379999999999,True
2500.0,80.0,psi_55pct,0.55,0.030250000000000003,0.55,-152.0,200.0,80.076,251.20509548972132,93.82187511065544,114.02422179760987,8.794904510278684,3312.9600000000005,True
2750.0,80.0,psi_100pct,1.0,0.055,1.0,-94.0,172.0,80.04192,196.01020381602586,99.85761823344404,107.98847867482127,63.989796183974136,2017.0499999999997,True
2750.0,80.0,psi_85pct,0.85,0.04675,0.85,-114.0,180.0,80.03880000000001,213.06337085477645,98.1222511770714,109.7238457311939,46.93662914522355,2383.2900000000004,True
2750.0,80.0,psi_70pct,0.7,0.0385,0.7,-126.0,194.0,80.01336,231.32660893204655,101.40172703358036,106.44436987468495,28.673391067953446,2809.379999999999,True
2750.0,80.0,psi_55pct,0.55,0.030250000000000003,0.55,-152.0,200.0,80.076,251.20509548972132,102.6022934394618,105.2438034688035,8.794904510278684,3312.9600000000005,True
3000.0,80.0,psi_100pct,1.0,0.055,1.0,-94.0,172.0,80.04192,196.01020381602586,108.40357739628794,99.44251951197737,63.989796183974136,2017.0499999999997,True
3000.0,80.0,psi_85pct,0.85,0.04675,0.85,-114.0,180.0,80.03880000000001,213.06337085477645,106.49338651745005,101.35271039081526,46.93662914522355,2383.2900000000004,True
3000.0,80.0,psi_70pct,0.7,0.0385,0.7,-126.0,194.0,80.01336,231.32660893204655,110.08041186947274,97.76568503879257,28.673391067953446,2809.379999999999,True
3000.0,80.0,psi_55pct,0.55,0.030250000000000003,0.55,-152.0,200.0,80.076,251.20509548972132,111.38606541150219,96.46003149676312,8.794904510278684,3312.9600000000005,True
3250.0,80.0,psi_100pct,1.0,0.055,1.0,-94.0,172.0,80.04192,196.01020381602586,116.95036686811811,90.8957300401472,63.989796183974136,2017.0499999999997,True
3250.0,80.0,psi_85pct,0.85,0.04675,0.85,-114.0,180.0,80.03880000000001,213.06337085477645,114.86578363841122,92.9803132698541,46.93662914522355,2383.2900000000004,True
3250.0,80.0,psi_70pct,0.7,0.0385,0.7,-126.0,194.0,80.01336,231.32660893204655,118.76103043639905,89.08506647186626,28.673391067953446,2809.379999999999,True
3250.0,80.0,psi_55pct,0.55,0.030250000000000003,0.55,-152.0,200.0,80.076,251.20509548972132,120.17245564493331,87.673641263332,8.794904510278684,3312.9600000000005,True
3500.0,80.0,psi_100pct,1.0,0.055,1.0,-94.0,172.0,80.04192,196.01020381602586,125.49781700921946,82.34827989904585,63.989796183974136,2017.0499999999997,True
3500.0,80.0,psi_85pct,0.85,0.04675,0.85,-114.0,180.0,80.03880000000001,213.06337085477645,123.23918537863739,84.60691152962792,46.93662914522355,2383.2900000000004,True
3500.0,80.0,psi_70pct,0.7,0.0385,0.7,-126.0,194.0,80.01336,231.32660893204655,127.44318759463128,80.40290931363403,28.673391067953446,2809.379999999999,True
3500.0,80.0,psi_55pct,0.55,0.030250000000000003,0.55,-152.0,200.0,80.076,251.20509548972132,128.9609289772352,78.88516793103011,8.794904510278684,3312.9600000000005,True
3750.0,80.0,psi_100pct,1.0,0.055,1.0,-94.0,172.0,80.04192,196.01020381602586,134.0458014366334,73.8002954716319,63.989796183974136,2017.0499999999997,True
3750.0,80.0,psi_85pct,0.85,0.04675,0.85,-114.0,180.0,80.03880000000001,213.06337085477645,131.61339999303485,76.23269691523046,46.93662914522355,2383.2900000000004,True
3750.0,80.0,psi_70pct,0.7,0.0385,0.7,-126.0,194.0,80.01336,231.32660893204655,136.12658895031495,71.71950795795036,28.673391067953446,2809.379999999999,True
3750.0,80.0,psi_55pct,0.55,0.030250000000000003,0.55,-152.0,200.0,80.076,251.20509548972132,137.75108670594776,70.09501020231755,8.794904510278684,3312.9600000000005,True
4000.0,80.0,psi_100pct,1.0,0.055,1.0,-94.0,172.0,80.04192,196.01020381602586,142.5942240650611,65.25187284320421,63.989796183974136,2017.0499999999997,True
4000.0,80.0,psi_85pct,0.85,0.04675,0.85,-114.0,180.0,80.03880000000001,213.06337085477645,139.9882816012668,67.8578153069985,46.93662914522355,2383.2900000000004,True
4000.0,80.0,psi_70pct,0.7,0.0385,0.7,-126.0,194.0,80.01336,231.32660893204655,144.81101068364293,63.035086224622376,28.673391067953446,2809.379999999999,True
4000.0,80.0,psi_55pct,0.55,0.030250000000000003,0.55,-152.0,200.0,80.076,251.20509548972132,146.54262572278276,61.30347118548255,8.794904510278684,3312.9600000000005,True
4250.0,80.0,psi_100pct,1.0,0.055,1.0,-94.0,172.0,80.04192,196.01020381602586,151.143010542539,56.70308636572631,63.989796183974136,2017.0499999999997,True
4250.0,80.0,psi_85pct,0.85,0.04675,0.85,-114.0,180.0,80.03880000000001,213.06337085477645,148.36371725134532,59.48237965691999,46.93662914522355,2383.2900000000004,True
4250.0,80.0,psi_70pct,0.7,0.0385,0.7,-126.0,194.0,80.01336,231.32660893204655,153.49627960374428,54.349817304521025,28.673391067953446,2809.379999999999,True
4250.0,80.0,psi_55pct,0.55,0.030250000000000003,0.55,-152.0,200.0,80.076,251.20509548972132,155.33531149692158,52.51078541134373,8.794904510278684,3312.9600000000005,True
4500.0,80.0,psi_100pct,1.0,0.055,1.0,-94.0,172.0,80.04192,196.01020381602586,159.69210243535824,48.15399447290707,63.989796183974136,2017.0499999999997,True
4500.0,80.0,psi_85pct,0.85,0.04675,0.85,-114.0,180.0,80.03880000000001,213.06337085477645,156.73961812704303,51.10647878122228,46.93662914522355,2383.2900000000004,True
4500.0,80.0,psi_70pct,0.7,0.0385,0.7,-126.0,194.0,80.01336,231.32660893204655,162.18225960371277,45.663837304552544,28.673391067953446,2809.379999999999,True
4500.0,80.0,psi_55pct,0.55,0.030250000000000003,0.55,-152.0,200.0,80.076,251.20509548972132,164.12895972686763,43.717137181397675,8.794904510278684,3312.9600000000005,True
4750.0,80.0,psi_100pct,1.0,0.055,1.0,-94.0,172.0,80.04192,196.01020381602586,168.24145318501482,39.60464372325049,63.989796183974136,2017.0499999999997,True
4750.0,80.0,psi_85pct,0.85,0.04675,0.85,-114.0,180.0,80.03880000000001,213.06337085477645,165.11591342931786,42.73018347894745,46.93662914522355,2383.2900000000004,True
4750.0,80.0,psi_70pct,0.7,0.0385,0.7,-126.0,194.0,80.01336,231.32660893204655,170.8688422420654,36.97725466619991,28.673391067953446,2809.379999999999,True
4750.0,80.0,psi_55pct,0.55,0.030250000000000003,0.55,-152.0,200.0,80.076,251.20509548972132,172.9234235818324,34.922673326432914,8.794904510278684,3312.9600000000005,True
5000.0,80.0,psi_100pct,1.0,0.055,1.0,-94.0,172.0,80.04192,196.01020381602586,176.79102523771905,31.055071670546255,63.989796183974136,2017.0499999999997,True
5000.0,80.0,psi_85pct,0.85,0.04675,0.85,-114.0,180.0,80.03880000000001,213.06337085477645,173.49254602892097,34.35355087934434,46.93662914522355,2383.2900000000004,True
5000.0,80.0,psi_70pct,0.7,0.0385,0.7,-126.0,194.0,80.01336,231.32660893204655,179.55594005524887,28.29015685301644,28.673391067953446,2809.379999999999,True
5000.0,80.0,psi_55pct,0.55,0.030250000000000003,0.55,-152.0,200.0,80.076,251.20509548972132,181.71858464273797,26.127512265527344,8.794904510278684,3312.9600000000005,True
5250.0,80.0,psi_100pct,1.0,0.055,1.0,-94.0,172.0,80.04192,196.01020381602586,185.34078796805574,22.505308940209574,63.989796183974136,2017.0499999999997,True
5250.0,80.0,psi_85pct,0.85,0.04675,0.85,-114.0,180.0,80.03880000000001,213.06337085477645,181.86946931964448,25.97662758862083,46.93662914522355,2383.2900000000004,True
5250.0,80.0,psi_70pct,0.7,0.0385,0.7,-126.0,194.0,80.01336,231.32660893204655,188.24348172010357,19.602615188161735,28.673391067953446,2809.379999999999,True
5250.0,80.0,psi_55pct,0.55,0.030250000000000003,0.55,-152.0,200.0,80.076,251.20509548972132,190.5143463493446,17.331750558920703,8.794904510278684,3312.9600000000005,True
5500.0,80.0,psi_100pct,1.0,0.055,1.0,-94.0,172.0,80.04192,196.01020381602586,193.89071615178855,13.955380756476757,63.989796183974136,2017.0499999999997,True
5500.0,80.0,psi_85pct,0.85,0.04675,0.85,-114.0,180.0,80.03880000000001,213.06337085477645,190.2466449024358,17.599452005829505,46.93662914522355,2383.2900000000004,True
5500.0,80.0,psi_70pct,0.7,0.0385,0.7,-126.0,194.0,80.01336,231.32660893204655,196.93140849567985,10.914688412585463,28.673391067953446,2809.379999999999,True
5500.0,80.0,psi_55pct,0.55,0.030250000000000003,0.55,-152.0,200.0,80.076,251.20509548972132,199.3106291805235,8.535467727741803,8.794904510278684,3312.9600000000005,True
5750.0,80.0,psi_100pct,1.0,0.055,1.0,-94.0,172.0,80.04192,196.01020381602586,202.44078882553495,5.4053080827303575,63.989796183974136,2017.0499999999997,True
5750.0,80.0,psi_85pct,0.85,0.04675,0.85,-114.0,180.0,80.03880000000001,213.06337085477645,198.62404085525625,9.222056053009055,46.93662914522355,2383.2900000000004,True
5750.0,80.0,psi_70pct,0.7,0.0385,0.7,-126.0,194.0,80.01336,231.32660893204655,205.61967156641472,2.226425341850586,28.673391067953446,2809.379999999999,True
5750.0,80.0,psi_55pct,0.55,0.030250000000000003,0.55,-158.0,196.0,80.16792000000001,251.75384803414624,204.11078295930093,3.735313948964375,8.246151965853755,3327.45,True
6000.0,80.0,psi_100pct,1.0,0.055,1.0,-102.0,168.0,80.11584,196.5400722499104,205.72946889431694,2.1166280139483717,63.459927750089605,2027.97,True
6000.0,80.0,psi_85pct,0.85,0.04675,0.85,-114.0,180.0,80.03880000000001,213.06337085477645,207.00163042285453,0.8444664854107771,46.93662914522355,2383.2900000000004,True
6000.0,80.0,psi_70pct,0.7,0.0385,0.7,-136.0,188.0,80.24592000000001,232.03448019637082,207.4659693737741,0.3801275344912085,27.965519803629178,2826.6,True
6000.0,80.0,psi_55pct,0.55,0.030250000000000003,0.55,-170.0,188.0,80.14440000000002,253.46400138875737,204.47759641194182,3.3685004963234917,6.535998611242633,3372.81,True
6250.0,80.0,psi_100pct,1.0,0.055,1.0,-114.0,162.0,80.05392,198.09088823063013,205.84280069251932,2.0032962157459906,61.90911176936987,2060.0999999999995,True
6250.0,80.0,psi_85pct,0.85,0.04675,0.85,-126.0,174.0,80.37755999999999,214.83016547961788,207.57389283579266,0.2722040724726469,45.169834520382125,2422.98,True
6250.0,80.0,psi_70pct,0.7,0.0385,0.7,-152.0,178.0,80.07864,234.0683660813652,204.13314353542748,3.7129533728378306,25.931633918634788,2876.37,True
6250.0,80.0,psi_55pct,0.55,0.030250000000000003,0.55,-180.0,182.0,80.2074,255.97656142701817,206.42078316653377,1.425313741731543,4.023438572981831,3440.0100000000007,True
6500.0,80.0,psi_100pct,1.0,0.055,1.0,-124.0,158.0,80.35248,200.84820138602188,207.7593512356619,0.08674567260339927,59.151798613978116,2117.850000000001,True
6500.0,80.0,psi_85pct,0.85,0.04675,0.85,-136.0,168.0,80.02512000000002,216.14809737770074,207.80726695880503,0.03882994946027907,43.851902622299264,2452.7999999999997,True
6500.0,80.0,psi_70pct,0.7,0.0385,0.7,-160.0,174.0,80.2836,236.3810483097154,207.1414368066757,0.7046601015896101,23.618951690284604,2933.4900000000002,True
6500.0,80.0,psi_55pct,0.55,0.030250000000000003,0.55,,,,,,,,,False
6750.0,80.0,psi_100pct,1.0,0.055,1.0,-138.0,152.0,80.36544,205.2997808084558,206.29099487311257,1.5551020351527427,54.70021919154419,2212.77,True
6750.0,80.0,psi_85pct,0.85,0.04675,0.85,-150.0,162.0,80.43299999999999,220.78043391568917,206.98007991808848,0.8660169901768313,39.21956608431083,2559.06,True
6750.0,80.0,psi_70pct,0.7,0.0385,0.7,-172.0,168.0,80.41824,240.4329428343795,207.31562538433607,0.5304715239292364,19.567057165620497,3034.92,True
6750.0,80.0,psi_55pct,0.55,0.030250000000000003,0.55,,,,,,,,,False
7000.0,80.0,psi_100pct,1.0,0.055,1.0,-148.0,148.0,80.38176,209.30360723121808,207.21478658480265,0.6313103234626567,50.69639276878192,2299.92,True
7000.0,80.0,psi_85pct,0.85,0.04675,0.85,-162.0,156.0,80.14968,224.89997776789573,205.84447527272604,2.0016216355392658,35.100022232104266,2655.45,True
7000.0,80.0,psi_70pct,0.7,0.0385,0.7,-184.0,162.0,80.34552,245.15301344262525,207.05722603320618,0.788870875059132,14.846986557374748,3155.249999999999,True
7000.0,80.0,psi_55pct,0.55,0.030250000000000003,0.55,,,,,,,,,False
7250.0,80.0,psi_100pct,1.0,0.055,1.0,-158.0,144.0,80.28288,213.7755832643195,207.70422523055547,0.14187167770984388,46.22441673568051,2399.2499999999995,True
7250.0,80.0,psi_85pct,0.85,0.04675,0.85,-172.0,152.0,80.28336,229.53866776645717,206.87079863784618,0.9752982704191311,30.461332233542834,2766.1200000000003,True
7250.0,80.0,psi_70pct,0.7,0.0385,0.7,-196.0,156.0,80.06544,250.50349298961882,206.39922894701982,1.4468679612454878,9.49650701038118,3294.48,True
7250.0,80.0,psi_55pct,0.55,0.030250000000000003,0.55,,,,,,,,,False
7500.0,80.0,psi_100pct,1.0,0.055,1.0,-168.0,140.0,80.0688,218.6869909253863,207.7678036237507,0.07829328451461492,41.31300907461369,2510.7599999999998,True
7500.0,80.0,psi_85pct,0.85,0.04675,0.85,-182.0,148.0,80.30184,234.58047659598614,207.5503079941819,0.2957889140834027,25.41952340401386,2888.97,True
7500.0,80.0,psi_70pct,0.7,0.0385,0.7,-210.0,150.0,80.01,258.0697580112788,205.40545425225102,2.4406426560142904,1.9302419887212068,3496.5,True
7500.0,80.0,psi_55pct,0.55,0.030250000000000003,0.55,,,,,,,,,False
7750.0,80.0,psi_100pct,1.0,0.055,1.0,-180.0,136.0,80.1312,225.6014184352572,207.03604611771712,0.8100507905481891,34.39858156474281,2672.04,True
7750.0,80.0,psi_85pct,0.85,0.04675,0.85,-194.0,144.0,80.61984000000001,241.60298011407062,207.72081769765896,0.12527921060635094,18.39701988592938,3064.53,True
7750.0,80.0,psi_70pct,0.7,0.0385,0.7,,,,,,,,,False
7750.0,80.0,psi_55pct,0.55,0.030250000000000003,0.55,,,,,,,,,False
8000.0,80.0,psi_100pct,1.0,0.055,1.0,-192.0,132.0,80.05536,232.99785406737118,205.91876648604352,1.927330422221786,27.00214593262882,2850.12,True
8000.0,80.0,psi_85pct,0.85,0.04675,0.85,-204.0,140.0,80.3964,247.41867350707383,207.7807508906288,0.06534601763650016,12.581326492926166,3213.8399999999997,True
8000.0,80.0,psi_70pct,0.7,0.0385,0.7,,,,,,,,,False
8000.0,80.0,psi_55pct,0.55,0.030250000000000003,0.55,,,,,,,,,False
8250.0,80.0,psi_100pct,1.0,0.055,1.0,-202.0,130.0,80.71440000000001,240.21656895393374,207.5472258229227,0.2988710853425971,19.783431046066255,3029.4599999999996,True
8250.0,80.0,psi_85pct,0.85,0.04675,0.85,-214.0,136.0,80.05776,253.55867171130237,207.55518494654294,0.2909119617223723,6.441328288697633,3375.3300000000004,True
8250.0,80.0,psi_70pct,0.7,0.0385,0.7,,,,,,,,,False
8250.0,80.0,psi_55pct,0.55,0.030250000000000003,0.55,,,,,,,,,False
8500.0,80.0,psi_100pct,1.0,0.055,1.0,-212.0,126.0,80.04528,246.61711213944582,206.1471616023436,1.698935305921708,13.382887860554177,3193.05,True
8500.0,80.0,psi_85pct,0.85,0.04675,0.85,,,,,,,,,False
8500.0,80.0,psi_70pct,0.7,0.0385,0.7,,,,,,,,,False
8500.0,80.0,psi_55pct,0.55,0.030250000000000003,0.55,,,,,,,,,False
8750.0,80.0,psi_100pct,1.0,0.055,1.0,-220.0,124.0,80.20320000000001,252.53910588263355,207.67754716569354,0.1685497425717699,7.4608941173664505,3348.2400000000002,True
8750.0,80.0,psi_85pct,0.85,0.04675,0.85,,,,,,,,,False
8750.0,80.0,psi_70pct,0.7,0.0385,0.7,,,,,,,,,False
8750.0,80.0,psi_55pct,0.55,0.030250000000000003,0.55,,,,,,,,,False
9000.0,80.0,psi_100pct,1.0,0.055,1.0,,,,,,,,,False
9000.0,80.0,psi_85pct,0.85,0.04675,0.85,,,,,,,,,False
9000.0,80.0,psi_70pct,0.7,0.0385,0.7,,,,,,,,,False
9000.0,80.0,psi_55pct,0.55,0.030250000000000003,0.55,,,,,,,,,False
9250.0,80.0,psi_100pct,1.0,0.055,1.0,,,,,,,,,False
9250.0,80.0,psi_85pct,0.85,0.04675,0.85,,,,,,,,,False
9250.0,80.0,psi_70pct,0.7,0.0385,0.7,,,,,,,,,False
9250.0,80.0,psi_55pct,0.55,0.030250000000000003,0.55,,,,,,,,,False
9500.0,80.0,psi_100pct,1.0,0.055,1.0,,,,,,,,,False
9500.0,80.0,psi_85pct,0.85,0.04675,0.85,,,,,,,,,False
9500.0,80.0,psi_70pct,0.7,0.0385,0.7,,,,,,,,,False
9500.0,80.0,psi_55pct,0.55,0.030250000000000003,0.55,,,,,,,,,False
9750.0,80.0,psi_100pct,1.0,0.055,1.0,,,,,,,,,False
9750.0,80.0,psi_85pct,0.85,0.04675,0.85,,,,,,,,,False
9750.0,80.0,psi_70pct,0.7,0.0385,0.7,,,,,,,,,False
9750.0,80.0,psi_55pct,0.55,0.030250000000000003,0.55,,,,,,,,,False
10000.0,80.0,psi_100pct,1.0,0.055,1.0,,,,,,,,,False
10000.0,80.0,psi_85pct,0.85,0.04675,0.85,,,,,,,,,False
10000.0,80.0,psi_70pct,0.7,0.0385,0.7,,,,,,,,,False
10000.0,80.0,psi_55pct,0.55,0.030250000000000003,0.55,,,,,,,,,False
10250.0,80.0,psi_100pct,1.0,0.055,1.0,,,,,,,,,False
10250.0,80.0,psi_85pct,0.85,0.04675,0.85,,,,,,,,,False
10250.0,80.0,psi_70pct,0.7,0.0385,0.7,,,,,,,,,False
10250.0,80.0,psi_55pct,0.55,0.030250000000000003,0.55,,,,,,,,,False
10500.0,80.0,psi_100pct,1.0,0.055,1.0,,,,,,,,,False
10500.0,80.0,psi_85pct,0.85,0.04675,0.85,,,,,,,,,False
10500.0,80.0,psi_70pct,0.7,0.0385,0.7,,,,,,,,,False
10500.0,80.0,psi_55pct,0.55,0.030250000000000003,0.55,,,,,,,,,False
10750.0,80.0,psi_100pct,1.0,0.055,1.0,,,,,,,,,False
10750.0,80.0,psi_85pct,0.85,0.04675,0.85,,,,,,,,,False
10750.0,80.0,psi_70pct,0.7,0.0385,0.7,,,,,,,,,False
10750.0,80.0,psi_55pct,0.55,0.030250000000000003,0.55,,,,,,,,,False
11000.0,80.0,psi_100pct,1.0,0.055,1.0,,,,,,,,,False
11000.0,80.0,psi_85pct,0.85,0.04675,0.85,,,,,,,,,False
11000.0,80.0,psi_70pct,0.7,0.0385,0.7,,,,,,,,,False
11000.0,80.0,psi_55pct,0.55,0.030250000000000003,0.55,,,,,,,,,False
11250.0,80.0,psi_100pct,1.0,0.055,1.0,,,,,,,,,False
11250.0,80.0,psi_85pct,0.85,0.04675,0.85,,,,,,,,,False
11250.0,80.0,psi_70pct,0.7,0.0385,0.7,,,,,,,,,False
11250.0,80.0,psi_55pct,0.55,0.030250000000000003,0.55,,,,,,,,,False
11500.0,80.0,psi_100pct,1.0,0.055,1.0,,,,,,,,,False
11500.0,80.0,psi_85pct,0.85,0.04675,0.85,,,,,,,,,False
11500.0,80.0,psi_70pct,0.7,0.0385,0.7,,,,,,,,,False
11500.0,80.0,psi_55pct,0.55,0.030250000000000003,0.55,,,,,,,,,False
11750.0,80.0,psi_100pct,1.0,0.055,1.0,,,,,,,,,False
11750.0,80.0,psi_85pct,0.85,0.04675,0.85,,,,,,,,,False
11750.0,80.0,psi_70pct,0.7,0.0385,0.7,,,,,,,,,False
11750.0,80.0,psi_55pct,0.55,0.030250000000000003,0.55,,,,,,,,,False
12000.0,80.0,psi_100pct,1.0,0.055,1.0,,,,,,,,,False
12000.0,80.0,psi_85pct,0.85,0.04675,0.85,,,,,,,,,False
12000.0,80.0,psi_70pct,0.7,0.0385,0.7,,,,,,,,,False
12000.0,80.0,psi_55pct,0.55,0.030250000000000003,0.55,,,,,,,,,False
12250.0,80.0,psi_100pct,1.0,0.055,1.0,,,,,,,,,False
12250.0,80.0,psi_85pct,0.85,0.04675,0.85,,,,,,,,,False
12250.0,80.0,psi_70pct,0.7,0.0385,0.7,,,,,,,,,False
12250.0,80.0,psi_55pct,0.55,0.030250000000000003,0.55,,,,,,,,,False
12500.0,80.0,psi_100pct,1.0,0.055,1.0,,,,,,,,,False
12500.0,80.0,psi_85pct,0.85,0.04675,0.85,,,,,,,,,False
12500.0,80.0,psi_70pct,0.7,0.0385,0.7,,,,,,,,,False
12500.0,80.0,psi_55pct,0.55,0.030250000000000003,0.55,,,,,,,,,False
12750.0,80.0,psi_100pct,1.0,0.055,1.0,,,,,,,,,False
12750.0,80.0,psi_85pct,0.85,0.04675,0.85,,,,,,,,,False
12750.0,80.0,psi_70pct,0.7,0.0385,0.7,,,,,,,,,False
12750.0,80.0,psi_55pct,0.55,0.030250000000000003,0.55,,,,,,,,,False
13000.0,80.0,psi_100pct,1.0,0.055,1.0,,,,,,,,,False
13000.0,80.0,psi_85pct,0.85,0.04675,0.85,,,,,,,,,False
13000.0,80.0,psi_70pct,0.7,0.0385,0.7,,,,,,,,,False
13000.0,80.0,psi_55pct,0.55,0.030250000000000003,0.55,,,,,,,,,False
13250.0,80.0,psi_100pct,1.0,0.055,1.0,,,,,,,,,False
13250.0,80.0,psi_85pct,0.85,0.04675,0.85,,,,,,,,,False
13250.0,80.0,psi_70pct,0.7,0.0385,0.7,,,,,,,,,False
13250.0,80.0,psi_55pct,0.55,0.030250000000000003,0.55,,,,,,,,,False
13500.0,80.0,psi_100pct,1.0,0.055,1.0,,,,,,,,,False
13500.0,80.0,psi_85pct,0.85,0.04675,0.85,,,,,,,,,False
13500.0,80.0,psi_70pct,0.7,0.0385,0.7,,,,,,,,,False
13500.0,80.0,psi_55pct,0.55,0.030250000000000003,0.55,,,,,,,,,False
13750.0,80.0,psi_100pct,1.0,0.055,1.0,,,,,,,,,False
13750.0,80.0,psi_85pct,0.85,0.04675,0.85,,,,,,,,,False
13750.0,80.0,psi_70pct,0.7,0.0385,0.7,,,,,,,,,False
13750.0,80.0,psi_55pct,0.55,0.030250000000000003,0.55,,,,,,,,,False
14000.0,80.0,psi_100pct,1.0,0.055,1.0,,,,,,,,,False
14000.0,80.0,psi_85pct,0.85,0.04675,0.85,,,,,,,,,False
14000.0,80.0,psi_70pct,0.7,0.0385,0.7,,,,,,,,,False
14000.0,80.0,psi_55pct,0.55,0.030250000000000003,0.55,,,,,,,,,False
14250.0,80.0,psi_100pct,1.0,0.055,1.0,,,,,,,,,False
14250.0,80.0,psi_85pct,0.85,0.04675,0.85,,,,,,,,,False
14250.0,80.0,psi_70pct,0.7,0.0385,0.7,,,,,,,,,False
14250.0,80.0,psi_55pct,0.55,0.030250000000000003,0.55,,,,,,,,,False
14500.0,80.0,psi_100pct,1.0,0.055,1.0,,,,,,,,,False
14500.0,80.0,psi_85pct,0.85,0.04675,0.85,,,,,,,,,False
14500.0,80.0,psi_70pct,0.7,0.0385,0.7,,,,,,,,,False
14500.0,80.0,psi_55pct,0.55,0.030250000000000003,0.55,,,,,,,,,False
14750.0,80.0,psi_100pct,1.0,0.055,1.0,,,,,,,,,False
14750.0,80.0,psi_85pct,0.85,0.04675,0.85,,,,,,,,,False
14750.0,80.0,psi_70pct,0.7,0.0385,0.7,,,,,,,,,False
14750.0,80.0,psi_55pct,0.55,0.030250000000000003,0.55,,,,,,,,,False
15000.0,80.0,psi_100pct,1.0,0.055,1.0,,,,,,,,,False
15000.0,80.0,psi_85pct,0.85,0.04675,0.85,,,,,,,,,False
15000.0,80.0,psi_70pct,0.7,0.0385,0.7,,,,,,,,,False
15000.0,80.0,psi_55pct,0.55,0.030250000000000003,0.55,,,,,,,,,False
15250.0,80.0,psi_100pct,1.0,0.055,1.0,,,,,,,,,False
15250.0,80.0,psi_85pct,0.85,0.04675,0.85,,,,,,,,,False
15250.0,80.0,psi_70pct,0.7,0.0385,0.7,,,,,,,,,False
15250.0,80.0,psi_55pct,0.55,0.030250000000000003,0.55,,,,,,,,,False
15500.0,80.0,psi_100pct,1.0,0.055,1.0,,,,,,,,,False
15500.0,80.0,psi_85pct,0.85,0.04675,0.85,,,,,,,,,False
15500.0,80.0,psi_70pct,0.7,0.0385,0.7,,,,,,,,,False
15500.0,80.0,psi_55pct,0.55,0.030250000000000003,0.55,,,,,,,,,False
15750.0,80.0,psi_100pct,1.0,0.055,1.0,,,,,,,,,False
15750.0,80.0,psi_85pct,0.85,0.04675,0.85,,,,,,,,,False
15750.0,80.0,psi_70pct,0.7,0.0385,0.7,,,,,,,,,False
15750.0,80.0,psi_55pct,0.55,0.030250000000000003,0.55,,,,,,,,,False
16000.0,80.0,psi_100pct,1.0,0.055,1.0,,,,,,,,,False
16000.0,80.0,psi_85pct,0.85,0.04675,0.85,,,,,,,,,False
16000.0,80.0,psi_70pct,0.7,0.0385,0.7,,,,,,,,,False
16000.0,80.0,psi_55pct,0.55,0.030250000000000003,0.55,,,,,,,,,False
16250.0,80.0,psi_100pct,1.0,0.055,1.0,,,,,,,,,False
16250.0,80.0,psi_85pct,0.85,0.04675,0.85,,,,,,,,,False
16250.0,80.0,psi_70pct,0.7,0.0385,0.7,,,,,,,,,False
16250.0,80.0,psi_55pct,0.55,0.030250000000000003,0.55,,,,,,,,,False
16500.0,80.0,psi_100pct,1.0,0.055,1.0,,,,,,,,,False
16500.0,80.0,psi_85pct,0.85,0.04675,0.85,,,,,,,,,False
16500.0,80.0,psi_70pct,0.7,0.0385,0.7,,,,,,,,,False
16500.0,80.0,psi_55pct,0.55,0.030250000000000003,0.55,,,,,,,,,False
16750.0,80.0,psi_100pct,1.0,0.055,1.0,,,,,,,,,False
16750.0,80.0,psi_85pct,0.85,0.04675,0.85,,,,,,,,,False
16750.0,80.0,psi_70pct,0.7,0.0385,0.7,,,,,,,,,False
16750.0,80.0,psi_55pct,0.55,0.030250000000000003,0.55,,,,,,,,,False
17000.0,80.0,psi_100pct,1.0,0.055,1.0,,,,,,,,,False
17000.0,80.0,psi_85pct,0.85,0.04675,0.85,,,,,,,,,False
17000.0,80.0,psi_70pct,0.7,0.0385,0.7,,,,,,,,,False
17000.0,80.0,psi_55pct,0.55,0.030250000000000003,0.55,,,,,,,,,False
17250.0,80.0,psi_100pct,1.0,0.055,1.0,,,,,,,,,False
17250.0,80.0,psi_85pct,0.85,0.04675,0.85,,,,,,,,,False
17250.0,80.0,psi_70pct,0.7,0.0385,0.7,,,,,,,,,False
17250.0,80.0,psi_55pct,0.55,0.030250000000000003,0.55,,,,,,,,,False
17500.0,80.0,psi_100pct,1.0,0.055,1.0,,,,,,,,,False
17500.0,80.0,psi_85pct,0.85,0.04675,0.85,,,,,,,,,False
17500.0,80.0,psi_70pct,0.7,0.0385,0.7,,,,,,,,,False
17500.0,80.0,psi_55pct,0.55,0.030250000000000003,0.55,,,,,,,,,False
17750.0,80.0,psi_100pct,1.0,0.055,1.0,,,,,,,,,False
17750.0,80.0,psi_85pct,0.85,0.04675,0.85,,,,,,,,,False
17750.0,80.0,psi_70pct,0.7,0.0385,0.7,,,,,,,,,False
17750.0,80.0,psi_55pct,0.55,0.030250000000000003,0.55,,,,,,,,,False
18000.0,80.0,psi_100pct,1.0,0.055,1.0,,,,,,,,,False
18000.0,80.0,psi_85pct,0.85,0.04675,0.85,,,,,,,,,False
18000.0,80.0,psi_70pct,0.7,0.0385,0.7,,,,,,,,,False
18000.0,80.0,psi_55pct,0.55,0.030250000000000003,0.55,,,,,,,,,False
0.0,60.0,psi_100pct,1.0,0.055,1.0,-70.0,140.0,60.312,156.52475842498527,5.478366544874485,202.36773036339082,103.47524157501473,1286.2499999999998,True
0.0,60.0,psi_85pct,0.85,0.04675,0.85,-76.0,154.0,60.05076,171.73234989366446,6.010632246278257,201.83546466198706,88.26765010633554,1548.33,True
0.0,60.0,psi_70pct,0.7,0.0385,0.7,-100.0,160.0,60.0,188.67962264113208,6.603786792439624,201.2423101158257,71.32037735886792,1869.0000000000002,True
0.0,60.0,psi_55pct,0.55,0.030250000000000003,0.55,-122.0,168.0,60.00624,207.62466134830902,7.266863147190816,200.5792337610745,52.37533865169098,2263.1700000000005,True
250.0,60.0,psi_100pct,1.0,0.055,1.0,-70.0,140.0,60.312,156.52475842498527,12.701465475017809,195.1446314332475,103.47524157501473,1286.2499999999998,True
250.0,60.0,psi_85pct,0.85,0.04675,0.85,-76.0,154.0,60.05076,171.73234989366446,12.936913082152778,194.90918382611252,88.26765010633554,1548.33,True
250.0,60.0,psi_70pct,0.7,0.0385,0.7,-100.0,160.0,60.0,188.67962264113208,13.078383408151824,194.76771350011347,71.32037735886792,1869.0000000000002,True
250.0,60.0,psi_55pct,0.55,0.030250000000000003,0.55,-122.0,168.0,60.00624,207.62466134830902,13.471083858970974,194.37501304929432,52.37533865169098,2263.1700000000005,True
500.0,60.0,psi_100pct,1.0,0.055,1.0,-70.0,140.0,60.312,156.52475842498527,20.19656861616554,187.64952829209977,103.47524157501473,1286.2499999999998,True
500.0,60.0,psi_85pct,0.85,0.04675,0.85,-76.0,154.0,60.05076,171.73234989366446,20.355345566588042,187.49075134167725,88.26765010633554,1548.33,True
500.0,60.0,psi_70pct,0.7,0.0385,0.7,-100.0,160.0,60.0,188.67962264113208,20.16776619050707,187.67833071775823,71.32037735886792,1869.0000000000002,True
500.0,60.0,psi_55pct,0.55,0.030250000000000003,0.55,-122.0,168.0,60.00624,207.62466134830902,20.514277880974607,187.3318190272907,52.37533865169098,2263.1700000000005,True
750.0,60.0,psi_100pct,1.0,0.055,1.0,-70.0,140.0,60.312,156.52475842498527,27.74409803837999,180.10199886988534,103.47524157501473,1286.2499999999998,True
750.0,60.0,psi_85pct,0.85,0.04675,0.85,-76.0,154.0,60.05076,171.73234989366446,27.875738898191006,179.9703580100743,88.26765010633554,1548.33,True
750.0,60.0,psi_70pct,0.7,0.0385,0.7,-100.0,160.0,60.0,188.67962264113208,27.398796353727246,180.44730055453806,71.32037735886792,1869.0000000000002,True
750.0,60.0,psi_55pct,0.55,0.030250000000000003,0.55,-122.0,168.0,60.00624,207.62466134830902,27.765154239212272,180.08094266905303,52.37533865169098,2263.1700000000005,True
1000.0,60.0,psi_100pct,1.0,0.055,1.0,-70.0,140.0,60.312,156.52475842498527,35.31045173175134,172.53564517651398,103.47524157501473,1286.2499999999998,True
1000.0,60.0,psi_85pct,0.85,0.04675,0.85,-76.0,154.0,60.05076,171.73234989366446,35.43323154963271,172.4128653586326,88.26765010633554,1548.33,True
1000.0,60.0,psi_70pct,0.7,0.0385,0.7,-100.0,160.0,60.0,188.67962264113208,34.68299090512225,173.16310600314307,71.32037735886792,1869.0000000000002,True
1000.0,60.0,psi_55pct,0.55,0.030250000000000003,0.55,-122.0,168.0,60.00624,207.62466134830902,35.09522302513032,172.750873883135,52.37533865169098,2263.1700000000005,True
1250.0,60.0,psi_100pct,1.0,0.055,1.0,-70.0,140.0,60.312,156.52475842498527,42.88566730830695,164.96042959995836,103.47524157501473,1286.2499999999998,True
1250.0,60.0,psi_85pct,0.85,0.04675,0.85,-76.0,154.0,60.05076,171.73234989366446,43.008270482832934,164.83782642543238,88.26765010633554,1548.33,True
1250.0,60.0,psi_70pct,0.7,0.0385,0.7,-100.0,160.0,60.0,188.67962264113208,41.992692728500835,165.85340417976448,71.32037735886792,1869.0000000000002,True
1250.0,60.0,psi_55pct,0.55,0.030250000000000003,0.55,-122.0,168.0,60.00624,207.62466134830902,42.46349331775491,165.3826035905104,52.37533865169098,2263.1700000000005,True
1500.0,60.0,psi_100pct,1.0,0.055,1.0,-70.0,140.0,60.312,156.52475842498527,50.46575425869088,157.38034264957443,103.47524157501473,1286.2499999999998,True
1500.0,60.0,psi_85pct,0.85,0.04675,0.85,-76.0,154.0,60.05076,171.73234989366446,50.5929749544738,157.2531219537915,88.26765010633554,1548.33,True
1500.0,60.0,psi_70pct,0.7,0.0385,0.7,-100.0,160.0,60.0,188.67962264113208,49.316561062481824,158.52953584578347,71.32037735886792,1869.0000000000002,True
1500.0,60.0,psi_55pct,0.55,0.030250000000000003,0.55,-122.0,168.0,60.00624,207.62466134830902,49.85302946278572,157.9930674454796,52.37533865169098,2263.1700000000005,True
1750.0,60.0,psi_100pct,1.0,0.055,1.0,-70.0,140.0,60.312,156.52475842498527,58.04880428363455,149.79729262463076,103.47524157501473,1286.2499999999998,True
1750.0,60.0,psi_85pct,0.85,0.04675,0.85,-76.0,154.0,60.05076,171.73234989366446,58.18356514092595,149.66253176733937,88.26765010633554,1548.33,True
1750.0,60.0,psi_70pct,0.7,0.0385,0.7,-100.0,160.0,60.0,188.67962264113208,56.64910162961481,151.1969952786505,71.32037735886792,1869.0000000000002,True
1750.0,60.0,psi_55pct,0.55,0.030250000000000003,0.55,-122.0,168.0,60.00624,207.62466134830902,57.25559819611296,150.59049871215234,52.37533865169098,2263.1700000000005,True
2000.0,60.0,psi_100pct,1.0,0.055,1.0,-70.0,140.0,60.312,156.52475842498527,65.63379036793614,142.21230654032917,103.47524157501473,1286.2499999999998,True
2000.0,60.0,psi_85pct,0.85,0.04675,0.85,-76.0,154.0,60.05076,171.73234989366446,65.77800349066241,142.06809341760288,88.26765010633554,1548.33,True
2000.0,60.0,psi_70pct,0.7,0.0385,0.7,-100.0,160.0,60.0,188.67962264113208,63.98733315140643,143.85876375685888,71.32037735886792,1869.0000000000002,True
2000.0,60.0,psi_55pct,0.55,0.030250000000000003,0.55,-122.0,168.0,60.00624,207.62466134830902,64.66672404938319,143.17937285888212,52.37533865169098,2263.1700000000005,True
2250.0,60.0,psi_100pct,1.0,0.055,1.0,-70.0,140.0,60.312,156.52475842498527,73.22011083579436,134.62598607247094,103.47524157501473,1286.2499999999998,True
2250.0,60.0,psi_85pct,0.85,0.04675,0.85,-76.0,154.0,60.05076,171.73234989366446,73.37509514046089,134.4710017678044,88.26765010633554,1548.33,True
2250.0,60.0,psi_70pct,0.7,0.0385,0.7,-100.0,160.0,60.0,188.67962264113208,71.32949922850605,136.51659767975926,71.32037735886792,1869.0000000000002,True
2250.0,60.0,psi_55pct,0.55,0.030250000000000003,0.55,-122.0,168.0,60.00624,207.62466134830902,72.08376772942992,135.7623291788354,52.37533865169098,2263.1700000000005,True
2500.0,60.0,psi_100pct,1.0,0.055,1.0,-70.0,140.0,60.312,156.52475842498527,80.80738986621938,127.03870704204593,103.47524157501473,1286.2499999999998,True
2500.0,60.0,psi_85pct,0.85,0.04675,0.85,-76.0,154.0,60.05076,171.73234989366446,80.9740932858815,126.87200362238382,88.26765010633554,1548.33,True
2500.0,60.0,psi_70pct,0.7,0.0385,0.7,-100.0,160.0,60.0,188.67962264113208,78.6744983112287,129.17159859703662,71.32037735886792,1869.0000000000002,True
2500.0,60.0,psi_55pct,0.55,0.030250000000000003,0.55,-122.0,168.0,60.00624,207.62466134830902,79.50507302788115,128.34102388038417,52.37533865169098,2263.1700000000005,True
2750.0,60.0,psi_100pct,1.0,0.055,1.0,-70.0,140.0,60.312,156.52475842498527,88.39538062940665,119.45071627885866,103.47524157501473,1286.2499999999998,True
2750.0,60.0,psi_85pct,0.85,0.04675,0.85,-76.0,154.0,60.05076,171.73234989366446,88.57450724116082,119.2715896671045,88.26765010633554,1548.33,True
2750.0,60.0,psi_70pct,0.7,0.0385,0.7,-100.0,160.0,60.0,188.67962264113208,86.02160470969679,121.82449219856852,71.32037735886792,1869.0000000000002,True
2750.0,60.0,psi_55pct,0.55,0.030250000000000003,0.55,-122.0,168.0,60.00624,207.62466134830902,86.92954848941767,120.91654841884764,52.37533865169098,2263.1700000000005,True
3000.0,60.0,psi_100pct,1.0,0.055,1.0,-70.0,140.0,60.312,156.52475842498527,95.98391432779525,111.86218258047006,103.47524157501473,1286.2499999999998,True
3000.0,60.0,psi_85pct,0.85,0.04675,0.85,-76.0,154.0,60.05076,171.73234989366446,96.17600134910545,111.67009555915986,88.26765010633554,1548.33,True
3000.0,60.0,psi_70pct,0.7,0.0385,0.7,-100.0,160.0,60.0,188.67962264113208,93.37032096503071,114.4757759432346,71.32037735886792,1869.0000000000002,True
3000.0,60.0,psi_55pct,0.55,0.030250000000000003,0.55,-122.0,168.0,60.00624,207.62466134830902,94.35644578027676,113.48965112798855,52.37533865169098,2263.1700000000005,True
3250.0,60.0,psi_100pct,1.0,0.055,1.0,-70.0,140.0,60.312,156.52475842498527,103.57287162280834,104.27322528545697,103.47524157501473,1286.2499999999998,True
3250.0,60.0,psi_85pct,0.85,0.04675,0.85,-76.0,154.0,60.05076,171.73234989366446,103.77833825484332,104.06775865342199,88.26765010633554,1548.33,True
3250.0,60.0,psi_70pct,0.7,0.0385,0.7,-100.0,160.0,60.0,188.67962264113208,100.72029470453356,107.12580220373175,71.32037735886792,1869.0000000000002,True
3250.0,60.0,psi_55pct,0.55,0.030250000000000003,0.55,-122.0,168.0,60.00624,207.62466134830902,101.78523476568489,106.06086214258042,52.37533865169098,2263.1700000000005,True
3500.0,60.0,psi_100pct,1.0,0.055,1.0,-70.0,140.0,60.312,156.52475842498527,111.16216575861264,96.68393114965266,103.47524157501473,1286.2499999999998,True
3500.0,60.0,psi_85pct,0.85,0.04675,0.85,-76.0,154.0,60.05076,171.73234989366446,111.3813453829459,96.46475152531941,88.26765010633554,1548.33,True
3500.0,60.0,psi_70pct,0.7,0.0385,0.7,-100.0,160.0,60.0,188.67962264113208,108.0712693623844,99.77482754588091,71.32037735886792,1869.0000000000002,True
3500.0,60.0,psi_55pct,0.55,0.030250000000000003,0.55,-122.0,168.0,60.00624,207.62466134830902,109.21552942980155,98.63056747846376,52.37533865169098,2263.1700000000005,True
3750.0,60.0,psi_100pct,1.0,0.055,1.0,-70.0,140.0,60.312,156.52475842498527,118.75173215383919,89.09436475442612,103.47524157501473,1286.2499999999998,True
3750.0,60.0,psi_85pct,0.85,0.04675,0.85,-76.0,154.0,60.05076,171.73234989366446,118.98489425401175,88.86120265425356,88.26765010633554,1548.33,True
3750.0,60.0,psi_70pct,0.7,0.0385,0.7,-100.0,160.0,60.0,188.67962264113208,115.42305370158824,92.42304320667706,71.32037735886792,1869.0000000000002,True
3750.0,60.0,psi_55pct,0.55,0.030250000000000003,0.55,-122.0,168.0,60.00624,207.62466134830902,116.64704204250147,91.19905486576384,52.37533865169098,2263.1700000000005,True
4000.0,60.0,psi_100pct,1.0,0.055,1.0,-70.0,140.0,60.312,156.52475842498527,126.34152174313238,81.50457516513293,103.47524157501473,1286.2499999999998,True
4000.0,60.0,psi_85pct,0.85,0.04675,0.85,-76.0,154.0,60.05076,171.73234989366446,126.58888724886751,81.2572096593978,88.26765010633554,1548.33,True
4000.0,60.0,psi_70pct,0.7,0.0385,0.7,-100.0,160.0,60.0,188.67962264113208,122.77550227132495,85.07059463694036,71.32037735886792,1869.0000000000002,True
4000.0,60.0,psi_55pct,0.55,0.030250000000000003,0.55,-122.0,168.0,60.00624,207.62466134830902,124.07955376372588,83.76654314453943,52.37533865169098,2263.1700000000005,True
4250.0,60.0,psi_100pct,1.0,0.055,1.0,-70.0,140.0,60.312,156.52475842498527,133.9314965818159,73.9146003264494,103.47524157501473,1286.2499999999998,True
4250.0,60.0,psi_85pct,0.85,0.04675,0.85,-76.0,154.0,60.05076,171.73234989366446,134.19324886938048,73.65284803888483,88.26765010633554,1548.33,True
4250.0,60.0,psi_70pct,0.7,0.0385,0.7,-100.0,160.0,60.0,188.67962264113208,130.12850248168627,77.71759442657904,71.32037735886792,1869.0000000000002,True
4250.0,60.0,psi_55pct,0.55,0.030250000000000003,0.55,-122.0,168.0,60.00624,207.62466134830902,131.51289519835143,76.33320170991388,52.37533865169098,2263.1700000000005,True
4500.0,60.0,psi_100pct,1.0,0.055,1.0,-70.0,140.0,60.312,156.52475842498527,141.52162686445095,66.32447004381436,103.47524157501473,1286.2499999999998,True
4500.0,60.0,psi_85pct,0.85,0.04675,0.85,-76.0,154.0,60.05076,171.73234989366446,141.79791980941525,66.04817709885006,88.26765010633554,1548.33,True
4500.0,60.0,psi_70pct,0.7,0.0385,0.7,-100.0,160.0,60.0,188.67962264113208,137.4819658218854,70.3641310863799,71.32037735886792,1869.0000000000002,True
4500.0,60.0,psi_55pct,0.55,0.030250000000000003,0.55,-122.0,168.0,60.00624,207.62466134830902,138.94693318316453,68.89916372510078,52.37533865169098,2263.1700000000005,True
4750.0,60.0,psi_100pct,1.0,0.055,1.0,-70.0,140.0,60.312,156.52475842498527,149.11188885369987,58.73420805456544,103.47524157501473,1286.2499999999998,True
4750.0,60.0,psi_85pct,0.85,0.04675,0.85,-76.0,154.0,60.05076,171.73234989366446,149.40285283547996,58.44324407278535,88.26765010633554,1548.33,True
4750.0,60.0,psi_70pct,0.7,0.0385,0.7,-100.0,160.0,60.0,188.67962264113208,144.83582175120767,63.010275157057634,71.32037735886792,1869.0000000000002,True
4750.0,60.0,psi_55pct,0.55,0.030250000000000003,0.55,-122.0,168.0,60.00624,207.62466134830902,146.3815615945806,61.464535313684706,52.37533865169098,2263.1700000000005,True
5000.0,60.0,psi_100pct,1.0,0.055,1.0,-70.0,140.0,60.312,156.52475842498527,156.70226341095636,51.14383349730895,103.47524157501473,1286.2499999999998,True
5000.0,60.0,psi_85pct,0.85,0.04675,0.85,-76.0,154.0,60.05076,171.73234989366446,157.0080098639164,50.838087044348896,88.26765010633554,1548.33,True
5000.0,60.0,psi_70pct,0.7,0.0385,0.7,-100.0,160.0,60.0,188.67962264113208,152.1900133596777,55.65608354858762,71.32037735886792,1869.0000000000002,True
5000.0,60.0,psi_55pct,0.55,0.030250000000000003,0.55,-122.0,168.0,60.00624,207.62466134830902,153.81669481898308,54.02940208928223,52.37533865169098,2263.1700000000005,True
5250.0,60.0,psi_100pct,1.0,0.055,1.0,-70.0,140.0,60.312,156.52475842498527,164.29273493419205,43.553361974073255,103.47524157501473,1286.2499999999998,True
5250.0,60.0,psi_85pct,0.85,0.04675,0.85,-76.0,154.0,60.05076,171.73234989366446,164.61335984791796,43.23273706034735,88.26765010633554,1548.33,True
5250.0,60.0,psi_70pct,0.7,0.0385,0.7,-100.0,160.0,60.0,188.67962264113208,159.54449422798598,48.30160268027933,71.32037735886792,1869.0000000000002,True
5250.0,60.0,psi_55pct,0.55,0.030250000000000003,0.55,-122.0,168.0,60.00624,207.62466134830902,161.25226302756607,46.593833880699236,52.37533865169098,2263.1700000000005,True
5500.0,60.0,psi_100pct,1.0,0.055,1.0,-70.0,140.0,60.312,156.52475842498527,171.88329057717618,35.962806331089126,103.47524157501473,1286.2499999999998,True
5500.0,60.0,psi_85pct,0.85,0.04675,0.85,-76.0,154.0,60.05076,171.73234989366446,172.21887722418074,35.627219684084565,88.26765010633554,1548.33,True
5500.0,60.0,psi_70pct,0.7,0.0385,0.7,-100.0,160.0,60.0,188.67962264113208,166.89922611708707,40.94687079117824,71.32037735886792,1869.0000000000002,True
5500.0,60.0,psi_55pct,0.55,0.030250000000000003,0.55,-122.0,168.0,60.00624,207.62466134830902,168.68820869964063,39.157888208624684,52.37533865169098,2263.1700000000005,True
5750.0,60.0,psi_100pct,1.0,0.055,1.0,-70.0,140.0,60.312,156.52475842498527,179.4739196667879,28.372177241477402,103.47524157501473,1286.2499999999998,True
5750.0,60.0,psi_85pct,0.85,0.04675,0.85,-76.0,154.0,60.05076,171.73234989366446,179.82454075359027,28.02155615467504,88.26765010633554,1548.33,True
5750.0,60.0,psi_70pct,0.7,0.0385,0.7,-100.0,160.0,60.0,188.67962264113208,174.2541772425413,33.59191966572402,71.32037735886792,1869.0000000000002,True
5750.0,60.0,psi_55pct,0.55,0.030250000000000003,0.55,-122.0,168.0,60.00624,207.62466134830902,176.12448402588063,31.721612882384676,52.37533865169098,2263.1700000000005,True
6000.0,60.0,psi_100pct,1.0,0.055,1.0,-70.0,140.0,60.312,156.52475842498527,187.06461326216836,20.781483646096945,103.47524157501473,1286.2499999999998,True
6000.0,60.0,psi_85pct,0.85,0.04675,0.85,-76.0,154.0,60.05076,171.73234989366446,187.43033264406986,20.415764264195445,88.26765010633554,1548.33,True
6000.0,60.0,psi_70pct,0.7,0.0385,0.7,-100.0,160.0,60.0,188.67962264113208,181.6093209679534,26.2367759403119,71.32037735886792,1869.0000000000002,True
6000.0,60.0,psi_55pct,0.55,0.030250000000000003,0.55,-122.0,168.0,60.00624,207.62466134830902,183.56104894224922,24.285047966016094,52.37533865169098,2263.1700000000005,True
6250.0,60.0,psi_100pct,1.0,0.055,1.0,-70.0,140.0,60.312,156.52475842498527,194.65536381700335,13.190733091261961,103.47524157501473,1286.2499999999998,True
6250.0,60.0,psi_85pct,0.85,0.04675,0.85,-76.0,154.0,60.05076,171.73234989366446,195.03623787860192,12.809859029663386,88.26765010633554,1548.33,True
6250.0,60.0,psi_70pct,0.7,0.0385,0.7,-100.0,160.0,60.0,188.67962264113208,188.96463480339642,18.881462104868888,71.32037735886792,1869.0000000000002,True
6250.0,60.0,psi_55pct,0.55,0.030250000000000003,0.55,-122.0,168.0,60.00624,207.62466134830902,190.99786962288857,16.848227285376737,52.37533865169098,2263.1700000000005,True
6500.0,60.0,psi_100pct,1.0,0.055,1.0,-70.0,140.0,60.312,156.52475842498527,202.24616491784613,5.599931990419179,103.47524157501473,1286.2499999999998,True
6500.0,60.0,psi_85pct,0.85,0.04675,0.85,-76.0,154.0,60.05076,171.73234989366446,202.64224369453515,5.203853213730156,88.26765010633554,1548.33,True
6500.0,60.0,psi_70pct,0.7,0.0385,0.7,-100.0,160.0,60.0,188.67962264113208,196.32009962888304,11.525997279382267,71.32037735886792,1869.0000000000002,True
6500.0,60.0,psi_55pct,0.55,0.030250000000000003,0.55,-122.0,168.0,60.00624,207.62466134830902,198.43491731167694,9.411179596588369,52.37533865169098,2263.1700000000005,True
6750.0,60.0,psi_100pct,1.0,0.055,1.0,-74.0,138.0,60.245279999999994,156.58863304850706,206.78819679916896,1.0579001090963516,103.41136695149294,1287.3,True
6750.0,60.0,psi_85pct,0.85,0.04675,0.85,-80.0,152.0,60.1464,171.7672844286711,207.28707527620867,0.5590216320566412,88.2327155713289,1548.96,True
6750.0,60.0,psi_70pct,0.7,0.0385,0.7,-100.0,160.0,60.0,188.67962264113208,203.6756990860271,4.170397822238215,71.32037735886792,1869.0000000000002,True
6750.0,60.0,psi_55pct,0.55,0.030250000000000003,0.55,-122.0,168.0,60.00624,207.62466134830902,205.87216740688663,1.9739295013786773,52.37533865169098,2263.1700000000005,True
7000.0,60.0,psi_100pct,1.0,0.055,1.0,-84.0,134.0,60.42864,158.15182578775372,207.37298377385545,0.47311313440985714,101.84817421224628,1313.13,True
7000.0,60.0,psi_85pct,0.85,0.04675,0.85,-92.0,146.0,60.29508,172.5688268488837,205.57986555381,2.2662313544553,87.4311731511163,1563.4499999999998,True
7000.0,60.0,psi_70pct,0.7,0.0385,0.7,-108.0,156.0,60.29712000000001,189.73665961010275,205.2758094063052,2.5702875019601095,70.26334038989725,1890.0000000000002,True
7000.0,60.0,psi_55pct,0.55,0.030250000000000003,0.55,-132.0,162.0,60.19596,208.96889720721597,205.61264246358272,2.233454444682593,51.031102792784026,2292.5699999999993,True
7250.0,60.0,psi_100pct,1.0,0.055,1.0,-94.0,130.0,60.49680000000001,160.4244370412438,207.46695906970254,0.3791378385627695,99.5755629587562,1351.1399999999999,True
7250.0,60.0,psi_85pct,0.85,0.04675,0.85,-100.0,142.0,60.278999999999996,173.67786272291585,206.3972578490511,1.4488390592142082,86.32213727708415,1583.61,True
7250.0,60.0,psi_70pct,0.7,0.0385,0.7,-114.0,152.0,60.06432000000001,190.0,206.7387527192396,1.1073441890256959,70.0,1895.2500000000005,True
7250.0,60.0,psi_55pct,0.55,0.030250000000000003,0.55,-138.0,158.0,60.074760000000005,209.78083801910984,207.52200624806204,0.32409066020326804,50.21916198089016,2310.42,True
7500.0,60.0,psi_100pct,1.0,0.055,1.0,-102.0,126.0,60.086879999999994,162.11107303327555,207.66420279675108,0.1818941115142252,97.88892696672445,1379.7,True
7500.0,60.0,psi_85pct,0.85,0.04675,0.85,-108.0,138.0,60.17076,175.2369823981228,206.78410994479063,1.0619869634746806,84.76301760187721,1612.1699999999998,True
7500.0,60.0,psi_70pct,0.7,0.0385,0.7,-122.0,148.0,60.18864,191.80198122021577,207.57158421367728,0.27451269458802585,68.19801877978423,1931.37,True
7500.0,60.0,psi_55pct,0.55,0.030250000000000003,0.55,-152.0,150.0,60.056999999999995,213.55093069335942,203.74484216163484,4.101254746630474,46.44906930664058,2394.2099999999996,True
7750.0,60.0,psi_100pct,1.0,0.055,1.0,-114.0,122.0,60.28752000000001,166.97305171793442,206.19352228147534,1.6525746267899706,93.02694828206558,1463.7,True
7750.0,60.0,psi_85pct,0.85,0.04675,0.85,-118.0,134.0,60.356280000000005,178.54971296532514,206.30855332402942,1.537543584235891,81.45028703467486,1673.6999999999998,True
7750.0,60.0,psi_70pct,0.7,0.0385,0.7,-134.0,142.0,60.20231999999999,195.2434377898525,204.9166777835495,2.929419124715821,64.75656221014751,2001.2999999999997,True
7750.0,60.0,psi_55pct,0.55,0.030250000000000003,0.55,-156.0,148.0,60.10872,215.0348808914498,207.61099171417192,0.2351051940933928,44.9651191085502,2427.6000000000004,True
8000.0,60.0,psi_100pct,1.0,0.055,1.0,-122.0,120.0,60.6816,171.12568480505783,207.82506071953787,0.021036188727435956,88.87431519494217,1537.4099999999996,True
8000.0,60.0,psi_85pct,0.85,0.04675,0.85,-126.0,130.0,60.0522,181.0414317221337,205.84103375751735,2.005063150747958,78.9585682778663,1720.7399999999996,True
8000.0,60.0,psi_70pct,0.7,0.0385,0.7,-142.0,138.0,60.09624,198.01010075246163,204.94262509543788,2.9034718128274335,61.989899247538375,2058.4200000000005,True
8000.0,60.0,psi_55pct,0.55,0.030250000000000003,0.55,-168.0,142.0,60.12564,219.97272558205938,205.79639220427072,2.0497047039945926,40.02727441794062,2540.3700000000003,True
8250.0,60.0,psi_100pct,1.0,0.055,1.0,-132.0,116.0,60.329280000000004,175.72706109191037,206.08616619707826,1.759930711187053,84.27293890808963,1621.2,True
8250.0,60.0,psi_85pct,0.85,0.04675,0.85,-134.0,128.0,60.602880000000006,185.31055015837603,207.6436261097865,0.20247079847879945,74.68944984162397,1802.8500000000001,True
8250.0,60.0,psi_70pct,0.7,0.0385,0.7,-148.0,136.0,60.40032,200.9975124224178,207.67345233185955,0.1726445764057587,59.0024875775822,2120.9999999999995,True
8250.0,60.0,psi_55pct,0.55,0.030250000000000003,0.55,-176.0,138.0,60.02172,223.6515146382872,206.4554114528446,1.3906854554207086,36.34848536171279,2626.05,True
8500.0,60.0,psi_100pct,1.0,0.055,1.0,-138.0,114.0,60.274080000000005,178.99720668211557,207.6923364548662,0.1537604533991157,81.00279331788443,1682.0999999999997,True
8500.0,60.0,psi_85pct,0.85,0.04675,0.85,-142.0,124.0,60.137519999999995,188.52055590836773,206.44075881877149,1.4053380894938243,71.47944409163227,1865.8500000000001,True
8500.0,60.0,psi_70pct,0.7,0.0385,0.7,-156.0,132.0,60.14448,204.35263639111682,207.0983458794405,0.7477510288248084,55.64736360888318,2192.4,True
8500.0,60.0,psi_55pct,0.55,0.030250000000000003,0.55,-186.0,134.0,60.211560000000006,229.24222996647018,207.00540343055943,0.8406934777058837,30.757770033529823,2758.9799999999996,True
8750.0,60.0,psi_100pct,1.0,0.055,1.0,-148.0,112.0,60.82944,185.6017241299229,207.78172259372033,0.06437431454497755,74.3982758700771,1808.5200000000002,True
8750.0,60.0,psi_85pct,0.85,0.04675,0.85,-150.0,122.0,60.57300000000001,193.34942461771124,207.71707148522145,0.12902542304385634,66.65057538228876,1962.66,True
8750.0,60.0,psi_70pct,0.7,0.0385,0.7,-166.0,128.0,60.165119999999995,209.61870145576228,206.03332936930127,1.8127675389640387,50.38129854423772,2306.85,True
8750.0,60.0,psi_55pct,0.55,0.030250000000000003,0.55,-196.0,130.0,60.28620000000001,235.1935373261774,207.44472068701583,0.40137622124947825,24.806462673822608,2904.09,True
9000.0,60.0,psi_100pct,1.0,0.055,1.0,-158.0,108.0,60.212160000000004,191.38442987871298,204.84386206524385,3.002234843021455,68.61557012128702,1922.97,True
9000.0,60.0,psi_85pct,0.85,0.04675,0.85,-160.0,118.0,60.286199999999994,198.80643852752857,205.39510170562085,2.4509952026444637,61.19356147247143,2075.0099999999998,True
9000.0,60.0,psi_70pct,0.7,0.0385,0.7,-176.0,124.0,60.07055999999999,215.29514625276622,204.71461821209525,3.1314786961700634,44.704853747233784,2433.4799999999996,True
9000.0,60.0,psi_55pct,0.55,0.030250000000000003,0.55,-206.0,126.0,60.245639999999995,241.4787775354182,207.81213875884063,0.03395814942467723,18.521222464581797,3061.379999999999,True
9250.0,60.0,psi_100pct,1.0,0.055,1.0,-164.0,106.0,60.01296,195.27416623813812,205.5773310141576,2.268765894107702,64.72583376186188,2001.9300000000003,True
9250.0,60.0,psi_85pct,0.85,0.04675,0.85,-166.0,116.0,60.266639999999995,202.51419703319567,206.59621538614934,1.2498815221159703,57.48580296680433,2153.13,True
9250.0,60.0,psi_70pct,0.7,0.0385,0.7,-182.0,122.0,60.15576000000001,219.10727965998757,206.61390509655845,1.2321918117068549,40.89272034001243,2520.419999999999,True
9250.0,60.0,psi_55pct,0.55,0.030250000000000003,0.55,-222.0,120.0,60.1416,252.3568901377571,205.78373455542584,2.0623623528394717,7.643109862242909,3343.41,True
9500.0,60.0,psi_100pct,1.0,0.055,1.0,-172.0,104.0,60.078720000000004,200.9975124224178,205.43350057498793,2.412596333277378,59.0024875775822,2120.9999999999995,True
9500.0,60.0,psi_85pct,0.85,0.04675,0.85,-172.0,114.0,60.21252000000001,206.3492185592182,207.60023581654423,0.24586109172108195,53.6507814407818,2235.4500000000003,True
9500.0,60.0,psi_70pct,0.7,0.0385,0.7,-194.0,118.0,60.22248,227.06827167175956,204.83256900744544,3.0135279008198665,32.93172832824044,2706.8999999999996,True
9500.0,60.0,psi_55pct,0.55,0.030250000000000003,0.55,,,,,,,,,False
9750.0,60.0,psi_100pct,1.0,0.055,1.0,-180.0,102.0,60.098400000000005,206.8912757948,205.05320060750762,2.7928963007576897,53.10872420519999,2247.21,True
9750.0,60.0,psi_85pct,0.85,0.04675,0.85,-182.0,112.0,60.76896000000001,213.70072531463248,207.66323388691015,0.18286302135516053,46.29927468536752,2397.5699999999997,True
9750.0,60.0,psi_70pct,0.7,0.0385,0.7,-200.0,116.0,60.20400000000001,231.2055362658948,206.46964517243225,1.376451735833058,28.794463734105193,2806.4399999999996,True
9750.0,60.0,psi_55pct,0.55,0.030250000000000003,0.55,,,,,,,,,False
10000.0,60.0,psi_100pct,1.0,0.055,1.0,-188.0,100.0,60.072,212.94130646729863,204.44663222945732,3.3994646788079876,47.05869353270137,2380.5599999999995,True
10000.0,60.0,psi_85pct,0.85,0.04675,0.85,-192.0,108.0,60.15384,220.29071700822982,204.22467707712715,3.621419831138155,39.70928299177018,2547.72,True
10000.0,60.0,psi_70pct,0.7,0.0385,0.7,-212.0,112.0,60.06336000000001,239.76655313033135,204.5305224461005,3.315574462164818,20.233446869668654,3018.1200000000003,True
10000.0,60.0,psi_55pct,0.55,0.030250000000000003,0.55,,,,,,,,,False
10250.0,60.0,psi_100pct,1.0,0.055,1.0,-194.0,100.0,60.93600000000001,218.25672956406177,207.51258423405298,0.33351267421232933,41.74327043593823,2500.89,True
10250.0,60.0,psi_85pct,0.85,0.04675,0.85,-200.0,106.0,60.260999999999996,226.35370551417972,204.32523121065873,3.520865697606581,33.64629448582028,2689.8899999999994,True
10250.0,60.0,psi_70pct,0.7,0.0385,0.7,-220.0,110.0,60.257999999999996,245.96747752497686,206.0620088379404,1.7840880703249127,14.032522475023143,3176.25,True
10250.0,60.0,psi_55pct,0.55,0.030250000000000003,0.55,,,,,,,,,False
10500.0,60.0,psi_100pct,1.0,0.055,1.0,-198.0,98.0,60.28175999999999,220.92532675091826,207.78776764402562,0.05832926423968843,39.07467324908174,2562.42,True
10500.0,60.0,psi_85pct,0.85,0.04675,0.85,-206.0,104.0,60.02256,230.7639486574972,204.60223833162036,3.2438585766449535,29.236051342502805,2795.7299999999996,True
10500.0,60.0,psi_70pct,0.7,0.0385,0.7,-226.0,108.0,60.09552000000001,250.4795400826183,207.4950057098909,0.35109119837440517,9.520459917381686,3293.85,True
10500.0,60.0,psi_55pct,0.55,0.030250000000000003,0.55,,,,,,,,,False
10750.0,60.0,psi_100pct,1.0,0.055,1.0,-206.0,96.0,60.15744000000001,227.27076362788065,206.6363678148025,1.209729093462812,32.729236372119345,2711.7300000000005,True
10750.0,60.0,psi_85pct,0.85,0.04675,0.85,-214.0,102.0,60.04332,237.06539182259397,204.4735609682137,3.3725359400516197,22.934608177406034,2950.5000000000005,True
10750.0,60.0,psi_70pct,0.7,0.0385,0.7,,,,,,,,,False
10750.0,60.0,psi_55pct,0.55,0.030250000000000003,0.55,,,,,,,,,False
11000.0,60.0,psi_100pct,1.0,0.055,1.0,-216.0,94.0,60.257760000000005,235.5674001214939,204.73300537803308,3.113091530232225,24.432599878506096,2913.33,True
11000.0,60.0,psi_85pct,0.85,0.04675,0.85,-222.0,100.0,60.018,243.48305895893455,204.2757535128157,3.570343395449612,16.51694104106545,3112.41,True
11000.0,60.0,psi_70pct,0.7,0.0385,0.7,,,,,,,,,False
11000.0,60.0,psi_55pct,0.55,0.030250000000000003,0.55,,,,,,,,,False
11250.0,60.0,psi_100pct,1.0,0.055,1.0,-222.0,94.0,61.069919999999996,241.0808992848666,207.52023380934608,0.3258630989192284,18.919100715133396,3051.3,True
11250.0,60.0,psi_85pct,0.85,0.04675,0.85,-232.0,98.0,60.228840000000005,251.8491612056709,203.87037545154772,3.9757214567175936,8.150838794329104,3329.9700000000003,True
11250.0,60.0,psi_70pct,0.7,0.0385,0.7,,,,,,,,,False
11250.0,60.0,psi_55pct,0.55,0.030250000000000003,0.55,,,,,,,,,False
11500.0,60.0,psi_100pct,1.0,0.055,1.0,-224.0,92.0,60.03552,242.15697388264496,207.58603924613962,0.26005766212568915,17.843026117355038,3078.6,True
11500.0,60.0,psi_85pct,0.85,0.04675,0.85,-238.0,98.0,61.075559999999996,257.3868683519033,207.79844264038212,0.04765426788318905,2.6131316480967257,3478.0199999999995,True
11500.0,60.0,psi_70pct,0.7,0.0385,0.7,,,,,,,,,False
11500.0,60.0,psi_55pct,0.55,0.030250000000000003,0.55,,,,,,,,,False
11750.0,60.0,psi_100pct,1.0,0.055,1.0,-234.0,90.0,60.0264,250.71098898931416,205.31748974320215,2.528607165063164,9.28901101068584,3299.9400000000005,True
11750.0,60.0,psi_85pct,0.85,0.04675,0.85,,,,,,,,,False
11750.0,60.0,psi_70pct,0.7,0.0385,0.7,,,,,,,,,False
11750.0,60.0,psi_55pct,0.55,0.030250000000000003,0.55,,,,,,,,,False
12000.0,60.0,psi_100pct,1.0,0.055,1.0,-242.0,90.0,61.063199999999995,258.1937257177254,207.53460525083045,0.31149165743485696,1.8062742822746145,3499.86,True
12000.0,60.0,psi_85pct,0.85,0.04675,0.85,,,,,,,,,False
12000.0,60.0,psi_70pct,0.7,0.0385,0.7,,,,,,,,,False
12000.0,60.0,psi_55pct,0.55,0.030250000000000003,0.55,,,,,,,,,False
12250.0,60.0,psi_100pct,1.0,0.055,1.0,,,,,,,,,False
12250.0,60.0,psi_85pct,0.85,0.04675,0.85,,,,,,,,,False
12250.0,60.0,psi_70pct,0.7,0.0385,0.7,,,,,,,,,False
12250.0,60.0,psi_55pct,0.55,0.030250000000000003,0.55,,,,,,,,,False
12500.0,60.0,psi_100pct,1.0,0.055,1.0,,,,,,,,,False
12500.0,60.0,psi_85pct,0.85,0.04675,0.85,,,,,,,,,False
12500.0,60.0,psi_70pct,0.7,0.0385,0.7,,,,,,,,,False
12500.0,60.0,psi_55pct,0.55,0.030250000000000003,0.55,,,,,,,,,False
12750.0,60.0,psi_100pct,1.0,0.055,1.0,,,,,,,,,False
12750.0,60.0,psi_85pct,0.85,0.04675,0.85,,,,,,,,,False
12750.0,60.0,psi_70pct,0.7,0.0385,0.7,,,,,,,,,False
12750.0,60.0,psi_55pct,0.55,0.030250000000000003,0.55,,,,,,,,,False
13000.0,60.0,psi_100pct,1.0,0.055,1.0,,,,,,,,,False
13000.0,60.0,psi_85pct,0.85,0.04675,0.85,,,,,,,,,False
13000.0,60.0,psi_70pct,0.7,0.0385,0.7,,,,,,,,,False
13000.0,60.0,psi_55pct,0.55,0.030250000000000003,0.55,,,,,,,,,False
13250.0,60.0,psi_100pct,1.0,0.055,1.0,,,,,,,,,False
13250.0,60.0,psi_85pct,0.85,0.04675,0.85,,,,,,,,,False
13250.0,60.0,psi_70pct,0.7,0.0385,0.7,,,,,,,,,False
13250.0,60.0,psi_55pct,0.55,0.030250000000000003,0.55,,,,,,,,,False
13500.0,60.0,psi_100pct,1.0,0.055,1.0,,,,,,,,,False
13500.0,60.0,psi_85pct,0.85,0.04675,0.85,,,,,,,,,False
13500.0,60.0,psi_70pct,0.7,0.0385,0.7,,,,,,,,,False
13500.0,60.0,psi_55pct,0.55,0.030250000000000003,0.55,,,,,,,,,False
13750.0,60.0,psi_100pct,1.0,0.055,1.0,,,,,,,,,False
13750.0,60.0,psi_85pct,0.85,0.04675,0.85,,,,,,,,,False
13750.0,60.0,psi_70pct,0.7,0.0385,0.7,,,,,,,,,False
13750.0,60.0,psi_55pct,0.55,0.030250000000000003,0.55,,,,,,,,,False
14000.0,60.0,psi_100pct,1.0,0.055,1.0,,,,,,,,,False
14000.0,60.0,psi_85pct,0.85,0.04675,0.85,,,,,,,,,False
14000.0,60.0,psi_70pct,0.7,0.0385,0.7,,,,,,,,,False
14000.0,60.0,psi_55pct,0.55,0.030250000000000003,0.55,,,,,,,,,False
14250.0,60.0,psi_100pct,1.0,0.055,1.0,,,,,,,,,False
14250.0,60.0,psi_85pct,0.85,0.04675,0.85,,,,,,,,,False
14250.0,60.0,psi_70pct,0.7,0.0385,0.7,,,,,,,,,False
14250.0,60.0,psi_55pct,0.55,0.030250000000000003,0.55,,,,,,,,,False
14500.0,60.0,psi_100pct,1.0,0.055,1.0,,,,,,,,,False
14500.0,60.0,psi_85pct,0.85,0.04675,0.85,,,,,,,,,False
14500.0,60.0,psi_70pct,0.7,0.0385,0.7,,,,,,,,,False
14500.0,60.0,psi_55pct,0.55,0.030250000000000003,0.55,,,,,,,,,False
14750.0,60.0,psi_100pct,1.0,0.055,1.0,,,,,,,,,False
14750.0,60.0,psi_85pct,0.85,0.04675,0.85,,,,,,,,,False
14750.0,60.0,psi_70pct,0.7,0.0385,0.7,,,,,,,,,False
14750.0,60.0,psi_55pct,0.55,0.030250000000000003,0.55,,,,,,,,,False
15000.0,60.0,psi_100pct,1.0,0.055,1.0,,,,,,,,,False
15000.0,60.0,psi_85pct,0.85,0.04675,0.85,,,,,,,,,False
15000.0,60.0,psi_70pct,0.7,0.0385,0.7,,,,,,,,,False
15000.0,60.0,psi_55pct,0.55,0.030250000000000003,0.55,,,,,,,,,False
15250.0,60.0,psi_100pct,1.0,0.055,1.0,,,,,,,,,False
15250.0,60.0,psi_85pct,0.85,0.04675,0.85,,,,,,,,,False
15250.0,60.0,psi_70pct,0.7,0.0385,0.7,,,,,,,,,False
15250.0,60.0,psi_55pct,0.55,0.030250000000000003,0.55,,,,,,,,,False
15500.0,60.0,psi_100pct,1.0,0.055,1.0,,,,,,,,,False
15500.0,60.0,psi_85pct,0.85,0.04675,0.85,,,,,,,,,False
15500.0,60.0,psi_70pct,0.7,0.0385,0.7,,,,,,,,,False
15500.0,60.0,psi_55pct,0.55,0.030250000000000003,0.55,,,,,,,,,False
15750.0,60.0,psi_100pct,1.0,0.055,1.0,,,,,,,,,False
15750.0,60.0,psi_85pct,0.85,0.04675,0.85,,,,,,,,,False
15750.0,60.0,psi_70pct,0.7,0.0385,0.7,,,,,,,,,False
15750.0,60.0,psi_55pct,0.55,0.030250000000000003,0.55,,,,,,,,,False
16000.0,60.0,psi_100pct,1.0,0.055,1.0,,,,,,,,,False
16000.0,60.0,psi_85pct,0.85,0.04675,0.85,,,,,,,,,False
16000.0,60.0,psi_70pct,0.7,0.0385,0.7,,,,,,,,,False
16000.0,60.0,psi_55pct,0.55,0.030250000000000003,0.55,,,,,,,,,False
16250.0,60.0,psi_100pct,1.0,0.055,1.0,,,,,,,,,False
16250.0,60.0,psi_85pct,0.85,0.04675,0.85,,,,,,,,,False
16250.0,60.0,psi_70pct,0.7,0.0385,0.7,,,,,,,,,False
16250.0,60.0,psi_55pct,0.55,0.030250000000000003,0.55,,,,,,,,,False
16500.0,60.0,psi_100pct,1.0,0.055,1.0,,,,,,,,,False
16500.0,60.0,psi_85pct,0.85,0.04675,0.85,,,,,,,,,False
16500.0,60.0,psi_70pct,0.7,0.0385,0.7,,,,,,,,,False
16500.0,60.0,psi_55pct,0.55,0.030250000000000003,0.55,,,,,,,,,False
16750.0,60.0,psi_100pct,1.0,0.055,1.0,,,,,,,,,False
16750.0,60.0,psi_85pct,0.85,0.04675,0.85,,,,,,,,,False
16750.0,60.0,psi_70pct,0.7,0.0385,0.7,,,,,,,,,False
16750.0,60.0,psi_55pct,0.55,0.030250000000000003,0.55,,,,,,,,,False
17000.0,60.0,psi_100pct,1.0,0.055,1.0,,,,,,,,,False
17000.0,60.0,psi_85pct,0.85,0.04675,0.85,,,,,,,,,False
17000.0,60.0,psi_70pct,0.7,0.0385,0.7,,,,,,,,,False
17000.0,60.0,psi_55pct,0.55,0.030250000000000003,0.55,,,,,,,,,False
17250.0,60.0,psi_100pct,1.0,0.055,1.0,,,,,,,,,False
17250.0,60.0,psi_85pct,0.85,0.04675,0.85,,,,,,,,,False
17250.0,60.0,psi_70pct,0.7,0.0385,0.7,,,,,,,,,False
17250.0,60.0,psi_55pct,0.55,0.030250000000000003,0.55,,,,,,,,,False
17500.0,60.0,psi_100pct,1.0,0.055,1.0,,,,,,,,,False
17500.0,60.0,psi_85pct,0.85,0.04675,0.85,,,,,,,,,False
17500.0,60.0,psi_70pct,0.7,0.0385,0.7,,,,,,,,,False
17500.0,60.0,psi_55pct,0.55,0.030250000000000003,0.55,,,,,,,,,False
17750.0,60.0,psi_100pct,1.0,0.055,1.0,,,,,,,,,False
17750.0,60.0,psi_85pct,0.85,0.04675,0.85,,,,,,,,,False
17750.0,60.0,psi_70pct,0.7,0.0385,0.7,,,,,,,,,False
17750.0,60.0,psi_55pct,0.55,0.030250000000000003,0.55,,,,,,,,,False
18000.0,60.0,psi_100pct,1.0,0.055,1.0,,,,,,,,,False
18000.0,60.0,psi_85pct,0.85,0.04675,0.85,,,,,,,,,False
18000.0,60.0,psi_70pct,0.7,0.0385,0.7,,,,,,,,,False
18000.0,60.0,psi_55pct,0.55,0.030250000000000003,0.55,,,,,,,,,False
0.0,40.0,psi_100pct,1.0,0.055,1.0,-38.0,104.0,40.01088,110.72488428533127,3.875370949986595,203.9707259582787,149.27511571466874,643.6500000000001,True
0.0,40.0,psi_85pct,0.85,0.04675,0.85,-54.0,112.0,40.12512,124.33824833895642,4.351838691863475,203.49425821640185,135.66175166104358,811.6499999999997,True
0.0,40.0,psi_70pct,0.7,0.0385,0.7,-64.0,124.0,40.071839999999995,139.54210834009928,4.883973791903475,202.96212311636182,120.45789165990072,1022.2800000000002,True
0.0,40.0,psi_55pct,0.55,0.030250000000000003,0.55,-88.0,130.0,40.0686,156.98407562552325,5.494442646893314,202.351654261372,103.01592437447675,1293.81,True
250.0,40.0,psi_100pct,1.0,0.055,1.0,-38.0,104.0,40.01088,110.72488428533127,10.500421439623281,197.345675468642,149.27511571466874,643.6500000000001,True
250.0,40.0,psi_85pct,0.85,0.04675,0.85,-54.0,112.0,40.12512,124.33824833895642,10.35680201773857,197.48929489052674,135.66175166104358,811.6499999999997,True
250.0,40.0,psi_70pct,0.7,0.0385,0.7,-64.0,124.0,40.071839999999995,139.54210834009928,10.513644273252869,197.33245263501243,120.45789165990072,1022.2800000000002,True
250.0,40.0,psi_55pct,0.55,0.030250000000000003,0.55,-88.0,130.0,40.0686,156.98407562552325,10.682280824277765,197.16381608398754,103.01592437447675,1293.81,True
500.0,40.0,psi_100pct,1.0,0.055,1.0,-38.0,104.0,40.01088,110.72488428533127,17.26889917371551,190.5771977345498,149.27511571466874,643.6500000000001,True
500.0,40.0,psi_85pct,0.85,0.04675,0.85,-54.0,112.0,40.12512,124.33824833895642,16.558796097314538,191.28730081095077,135.66175166104358,811.6499999999997,True
500.0,40.0,psi_70pct,0.7,0.0385,0.7,-64.0,124.0,40.071839999999995,139.54210834009928,16.512821905158436,191.33327500310688,120.45789165990072,1022.2800000000002,True
500.0,40.0,psi_55pct,0.55,0.030250000000000003,0.55,-88.0,130.0,40.0686,156.98407562552325,16.36984223814896,191.47625467011636,103.01592437447675,1293.81,True
750.0,40.0,psi_100pct,1.0,0.055,1.0,-38.0,104.0,40.01088,110.72488428533127,24.060062027907495,183.78603488035782,149.27511571466874,643.6500000000001,True
750.0,40.0,psi_85pct,0.85,0.04675,0.85,-54.0,112.0,40.12512,124.33824833895642,22.797579706482356,185.04851720178294,135.66175166104358,811.6499999999997,True
750.0,40.0,psi_70pct,0.7,0.0385,0.7,-64.0,124.0,40.071839999999995,139.54210834009928,22.588999847291433,185.25709706097388,120.45789165990072,1022.2800000000002,True
750.0,40.0,psi_55pct,0.55,0.030250000000000003,0.55,-88.0,130.0,40.0686,156.98407562552325,22.175904353136538,185.67019255512878,103.01592437447675,1293.81,True
1000.0,40.0,psi_100pct,1.0,0.055,1.0,-38.0,104.0,40.01088,110.72488428533127,30.858936610876786,176.98716029738853,149.27511571466874,643.6500000000001,True
1000.0,40.0,psi_85pct,0.85,0.04675,0.85,-54.0,112.0,40.12512,124.33824833895642,29.049459287180625,178.7966376210847,135.66175166104358,811.6499999999997,True
1000.0,40.0,psi_70pct,0.7,0.0385,0.7,-64.0,124.0,40.071839999999995,139.54210834009928,28.69330229152544,179.15279461673987,120.45789165990072,1022.2800000000002,True
1000.0,40.0,psi_55pct,0.55,0.030250000000000003,0.55,-88.0,130.0,40.0686,156.98407562552325,28.02691778525521,179.8191791230101,103.01592437447675,1293.81,True
1250.0,40.0,psi_100pct,1.0,0.055,1.0,-38.0,104.0,40.01088,110.72488428533127,37.661346637819776,170.18475027044553,149.27511571466874,643.6500000000001,True
1250.0,40.0,psi_85pct,0.85,0.04675,0.85,-54.0,112.0,40.12512,124.33824833895642,35.30747883104775,172.53861807721756,135.66175166104358,811.6499999999997,True
1250.0,40.0,psi_70pct,0.7,0.0385,0.7,-64.0,124.0,40.071839999999995,139.54210834009928,34.810936990366415,173.0351599178989,120.45789165990072,1022.2800000000002,True
1250.0,40.0,psi_55pct,0.55,0.030250000000000003,0.55,-88.0,130.0,40.0686,156.98407562552325,33.89961496666107,173.94648194160425,103.01592437447675,1293.81,True
1500.0,40.0,psi_100pct,1.0,0.055,1.0,-38.0,104.0,40.01088,110.72488428533127,44.46566956930344,163.38042733896188,149.27511571466874,643.6500000000001,True
1500.0,40.0,psi_85pct,0.85,0.04675,0.85,-54.0,112.0,40.12512,124.33824833895642,41.568865392928124,166.27723151533718,135.66175166104358,811.6499999999997,True
1500.0,40.0,psi_70pct,0.7,0.0385,0.7,-64.0,124.0,40.071839999999995,139.54210834009928,40.93592709789454,166.91016981037077,120.45789165990072,1022.2800000000002,True
1500.0,40.0,psi_55pct,0.55,0.030250000000000003,0.55,-88.0,130.0,40.0686,156.98407562552325,39.784394640596304,168.061702267669,103.01592437447675,1293.81,True
1750.0,40.0,psi_100pct,1.0,0.055,1.0,-38.0,104.0,40.01088,110.72488428533127,51.271143811811804,156.5749530964535,149.27511571466874,643.6500000000001,True
1750.0,40.0,psi_85pct,0.85,0.04675,0.85,-54.0,112.0,40.12512,124.33824833895642,47.83229673378689,160.01380017447843,135.66175166104358,811.6499999999997,True
1750.0,40.0,psi_70pct,0.7,0.0385,0.7,-64.0,124.0,40.071839999999995,139.54210834009928,47.06540105049023,160.78069585777507,120.45789165990072,1022.2800000000002,True
1750.0,40.0,psi_55pct,0.55,0.030250000000000003,0.55,-88.0,130.0,40.0686,156.98407562552325,45.67658707296294,162.16950983530236,103.01592437447675,1293.81,True
2000.0,40.0,psi_100pct,1.0,0.055,1.0,-38.0,104.0,40.01088,110.72488428533127,58.077364636741656,149.76873227152365,149.27511571466874,643.6500000000001,True
2000.0,40.0,psi_85pct,0.85,0.04675,0.85,-54.0,112.0,40.12512,124.33824833895642,54.09706261642933,153.74903429183598,135.66175166104358,811.6499999999997,True
2000.0,40.0,psi_70pct,0.7,0.0385,0.7,-64.0,124.0,40.071839999999995,139.54210834009928,53.19780897917989,154.64828792908543,120.45789165990072,1022.2800000000002,True
2000.0,40.0,psi_55pct,0.55,0.030250000000000003,0.55,-88.0,130.0,40.0686,156.98407562552325,51.573651645328,156.2724452629373,103.01592437447675,1293.81,True
2250.0,40.0,psi_100pct,1.0,0.055,1.0,-38.0,104.0,40.01088,110.72488428533127,64.88409709920579,142.96199980905953,149.27511571466874,643.6500000000001,True
2250.0,40.0,psi_85pct,0.85,0.04675,0.85,-54.0,112.0,40.12512,124.33824833895642,60.36274752482597,147.48334938343933,135.66175166104358,811.6499999999997,True
2250.0,40.0,psi_70pct,0.7,0.0385,0.7,-64.0,124.0,40.071839999999995,139.54210834009928,59.33224114922352,148.5138557590418,120.45789165990072,1022.2800000000002,True
2250.0,40.0,psi_55pct,0.55,0.030250000000000003,0.55,-88.0,130.0,40.0686,156.98407562552325,57.474088675835,150.37200823243032,103.01592437447675,1293.81,True
2500.0,40.0,psi_100pct,1.0,0.055,1.0,-38.0,104.0,40.01088,110.72488428533127,71.69119546682026,136.15490144144505,149.27511571466874,643.6500000000001,True
2500.0,40.0,psi_85pct,0.85,0.04675,0.85,-54.0,112.0,40.12512,124.33824833895642,66.62909218869083,141.21700471957448,135.66175166104358,811.6499999999997,True
2500.0,40.0,psi_70pct,0.7,0.0385,0.7,-64.0,124.0,40.071839999999995,139.54210834009928,65.468128542493,142.3779683657723,120.45789165990072,1022.2800000000002,True
2500.0,40.0,psi_55pct,0.55,0.030250000000000003,0.55,-88.0,130.0,40.0686,156.98407562552325,63.376956237155035,144.46914067111027,103.01592437447675,1293.81,True
2750.0,40.0,psi_100pct,1.0,0.055,1.0,-38.0,104.0,40.01088,110.72488428533127,78.4985645499142,129.3475323583511,149.27511571466874,643.6500000000001,True
2750.0,40.0,psi_85pct,0.85,0.04675,0.85,-54.0,112.0,40.12512,124.33824833895642,72.89592646475803,134.95017044350726,135.66175166104358,811.6499999999997,True
2750.0,40.0,psi_70pct,0.7,0.0385,0.7,-64.0,124.0,40.071839999999995,139.54210834009928,71.60509706288815,136.24099984537716,120.45789165990072,1022.2800000000002,True
2750.0,40.0,psi_55pct,0.55,0.030250000000000003,0.55,-88.0,130.0,40.0686,156.98407562552325,69.28163308077548,138.56446382748982,103.01592437447675,1293.81,True
3000.0,40.0,psi_100pct,1.0,0.055,1.0,-38.0,104.0,40.01088,110.72488428533127,85.30613953980578,122.53995736845953,149.27511571466874,643.6500000000001,True
3000.0,40.0,psi_85pct,0.85,0.04675,0.85,-54.0,112.0,40.12512,124.33824833895642,79.16313407480109,128.68296283346422,135.66175166104358,811.6499999999997,True
3000.0,40.0,psi_70pct,0.7,0.0385,0.7,-64.0,124.0,40.071839999999995,139.54210834009928,77.74289068061053,130.10320622765477,120.45789165990072,1022.2800000000002,True
3000.0,40.0,psi_55pct,0.55,0.030250000000000003,0.55,-88.0,130.0,40.0686,156.98407562552325,75.18769294556502,132.65840396270028,103.01592437447675,1293.81,True
3250.0,40.0,psi_100pct,1.0,0.055,1.0,-38.0,104.0,40.01088,110.72488428533127,92.1138747845575,115.73222212370781,149.27511571466874,643.6500000000001,True
3250.0,40.0,psi_85pct,0.85,0.04675,0.85,-54.0,112.0,40.12512,124.33824833895642,85.4306328553033,122.41546405296201,135.66175166104358,811.6499999999997,True
3250.0,40.0,psi_70pct,0.7,0.0385,0.7,-64.0,124.0,40.071839999999995,139.54210834009928,83.88132827293305,123.96476863533226,120.45789165990072,1022.2800000000002,True
3250.0,40.0,psi_55pct,0.55,0.030250000000000003,0.55,-88.0,130.0,40.0686,156.98407562552325,81.09483365972427,126.75126324854104,103.01592437447675,1293.81,True
3500.0,40.0,psi_100pct,1.0,0.055,1.0,-38.0,104.0,40.01088,110.72488428533127,98.92173719824177,108.92435971002354,149.27511571466874,643.6500000000001,True
3500.0,40.0,psi_85pct,0.85,0.04675,0.85,-54.0,112.0,40.12512,124.33824833895642,91.69836310258482,116.14773380568049,135.66175166104358,811.6499999999997,True
3500.0,40.0,psi_70pct,0.7,0.0385,0.7,-64.0,124.0,40.071839999999995,139.54210834009928,90.02027810303758,117.82581880522773,120.45789165990072,1022.2800000000002,True
3500.0,40.0,psi_55pct,0.55,0.030250000000000003,0.55,-88.0,130.0,40.0686,156.98407562552325,87.00283506762611,120.8432618406392,103.01592437447675,1293.81,True
3750.0,40.0,psi_100pct,1.0,0.055,1.0,-38.0,104.0,40.01088,110.72488428533127,105.72970221590259,102.11639469236272,149.27511571466874,643.6500000000001,True
3750.0,40.0,psi_85pct,0.85,0.04675,0.85,-54.0,112.0,40.12512,124.33824833895642,97.9662803900022,109.87981651826311,135.66175166104358,811.6499999999997,True
3750.0,40.0,psi_70pct,0.7,0.0385,0.7,-64.0,124.0,40.071839999999995,139.54210834009928,96.15964206530398,111.68645484296133,120.45789165990072,1022.2800000000002,True
3750.0,40.0,psi_55pct,0.55,0.030250000000000003,0.55,-88.0,130.0,40.0686,156.98407562552325,92.9115329816228,114.93456392664251,103.01592437447675,1293.81,True
4000.0,40.0,psi_100pct,1.0,0.055,1.0,-38.0,104.0,40.01088,110.72488428533127,112.53775121647585,95.30834569178946,149.27511571466874,643.6500000000001,True
4000.0,40.0,psi_85pct,0.85,0.04675,0.85,-54.0,112.0,40.12512,124.33824833895642,104.23435097574473,103.61174593252058,135.66175166104358,811.6499999999997,True
4000.0,40.0,psi_70pct,0.7,0.0385,0.7,-64.0,124.0,40.071839999999995,139.54210834009928,102.29934559892844,105.54675130933687,120.45789165990072,1022.2800000000002,True
4000.0,40.0,psi_55pct,0.55,0.030250000000000003,0.55,-88.0,130.0,40.0686,156.98407562552325,98.82080246522098,109.02529444304433,103.01592437447675,1293.81,True
4250.0,40.0,psi_100pct,1.0,0.055,1.0,-38.0,104.0,40.01088,110.72488428533127,119.34586982762302,88.50022708064229,149.27511571466874,643.6500000000001,True
4250.0,40.0,psi_85pct,0.85,0.04675,0.85,-54.0,112.0,40.12512,124.33824833895642,110.50254877304918,97.34354813521612,135.66175166104358,811.6499999999997,True
4250.0,40.0,psi_70pct,0.7,0.0385,0.7,-64.0,124.0,40.071839999999995,139.54210834009928,108.43933102556976,99.40676588269555,120.45789165990072,1022.2800000000002,True
4250.0,40.0,psi_55pct,0.55,0.030250000000000003,0.55,-88.0,130.0,40.0686,156.98407562552325,104.73054676850346,103.11555013976185,103.01592437447675,1293.81,True
4500.0,40.0,psi_100pct,1.0,0.055,1.0,-38.0,104.0,40.01088,110.72488428533127,126.15404677938405,81.69205012888126,149.27511571466874,643.6500000000001,True
4500.0,40.0,psi_85pct,0.85,0.04675,0.85,-54.0,112.0,40.12512,124.33824833895642,116.77085329596882,91.07524361229649,135.66175166104358,811.6499999999997,True
4500.0,40.0,psi_70pct,0.7,0.0385,0.7,-64.0,124.0,40.071839999999995,139.54210834009928,114.57955302775305,93.26654388051226,120.45789165990072,1022.2800000000002,True
4500.0,40.0,psi_55pct,0.55,0.030250000000000003,0.55,-88.0,130.0,40.0686,156.98407562552325,110.6406898056659,97.20540710259941,103.01592437447675,1293.81,True
4750.0,40.0,psi_100pct,1.0,0.055,1.0,-38.0,104.0,40.01088,110.72488428533127,132.9622731099715,74.8838237982938,149.27511571466874,643.6500000000001,True
4750.0,40.0,psi_85pct,0.85,0.04675,0.85,-54.0,112.0,40.12512,124.33824833895642,123.03924823291302,84.80684867535228,135.66175166104358,811.6499999999997,True
4750.0,40.0,psi_70pct,0.7,0.0385,0.7,-64.0,124.0,40.071839999999995,139.54210834009928,120.71997550641201,87.1261214018533,120.45789165990072,1022.2800000000002,True
4750.0,40.0,psi_55pct,0.55,0.030250000000000003,0.55,-88.0,130.0,40.0686,156.98407562552325,116.5511709190512,91.29492598921411,103.01592437447675,1293.81,True
5000.0,40.0,psi_100pct,1.0,0.055,1.0,-38.0,104.0,40.01088,110.72488428533127,139.7705416036542,68.0755553046111,149.27511571466874,643.6500000000001,True
5000.0,40.0,psi_85pct,0.85,0.04675,0.85,-54.0,112.0,40.12512,124.33824833895642,129.30772043499678,78.53837647326853,135.66175166104358,811.6499999999997,True
5000.0,40.0,psi_70pct,0.7,0.0385,0.7,-64.0,124.0,40.071839999999995,139.54210834009928,126.86056935060726,80.98552755765805,120.45789165990072,1022.2800000000002,True
5000.0,40.0,psi_55pct,0.55,0.030250000000000003,0.55,-88.0,130.0,40.0686,156.98407562552325,122.46194115811906,85.38415575014625,103.01592437447675,1293.81,True
5250.0,40.0,psi_100pct,1.0,0.055,1.0,-38.0,104.0,40.01088,110.72488428533127,146.57884638528017,61.26725052298514,149.27511571466874,643.6500000000001,True
5250.0,40.0,psi_85pct,0.85,0.04675,0.85,-54.0,112.0,40.12512,124.33824833895642,135.57625918498175,72.26983772328356,135.66175166104358,811.6499999999997,True
5250.0,40.0,psi_70pct,0.7,0.0385,0.7,-64.0,124.0,40.071839999999995,139.54210834009928,133.00131082479686,74.84478608346845,120.45789165990072,1022.2800000000002,True
5250.0,40.0,psi_55pct,0.55,0.030250000000000003,0.55,-88.0,130.0,40.0686,156.98407562552325,128.37296058559903,79.47313632266628,103.01592437447675,1293.81,True
5500.0,40.0,psi_100pct,1.0,0.055,1.0,-38.0,104.0,40.01088,110.72488428533127,153.38718262277604,54.45891428548927,149.27511571466874,643.6500000000001,True
5500.0,40.0,psi_85pct,0.85,0.04675,0.85,-54.0,112.0,40.12512,124.33824833895642,141.84485566002945,66.00124124823586,135.66175166104358,811.6499999999997,True
5500.0,40.0,psi_70pct,0.7,0.0385,0.7,-64.0,124.0,40.071839999999995,139.54210834009928,139.1421803829834,68.7039165252819,120.45789165990072,1022.2800000000002,True
5500.0,40.0,psi_55pct,0.55,0.030250000000000003,0.55,-88.0,130.0,40.0686,156.98407562552325,134.28419629462482,73.56190061364049,103.01592437447675,1293.81,True
5750.0,40.0,psi_100pct,1.0,0.055,1.0,-38.0,104.0,40.01088,110.72488428533127,160.19554630550346,47.650550602761854,149.27511571466874,643.6500000000001,True
5750.0,40.0,psi_85pct,0.85,0.04675,0.85,-54.0,112.0,40.12512,124.33824833895642,148.1135025308598,59.73259437740552,135.66175166104358,811.6499999999997,True
5750.0,40.0,psi_70pct,0.7,0.0385,0.7,-64.0,124.0,40.071839999999995,139.54210834009928,145.2831617834966,62.5629351247687,120.45789165990072,1022.2800000000002,True
5750.0,40.0,psi_55pct,0.55,0.030250000000000003,0.55,-88.0,130.0,40.0686,156.98407562552325,140.19562092718635,67.65047598107896,103.01592437447675,1293.81,True
6000.0,40.0,psi_100pct,1.0,0.055,1.0,-38.0,104.0,40.01088,110.72488428533127,167.0039340768267,40.8421628314386,149.27511571466874,643.6500000000001,True
6000.0,40.0,psi_85pct,0.85,0.04675,0.85,-54.0,112.0,40.12512,124.33824833895642,154.38219365855178,53.463903249713525,135.66175166104358,811.6499999999997,True
6000.0,40.0,psi_70pct,0.7,0.0385,0.7,-64.0,124.0,40.071839999999995,139.54210834009928,151.42424141910394,56.42185548916137,120.45789165990072,1022.2800000000002,True
6000.0,40.0,psi_55pct,0.55,0.030250000000000003,0.55,-88.0,130.0,40.0686,156.98407562552325,146.10721155203035,61.73888535623496,103.01592437447675,1293.81,True
6250.0,40.0,psi_100pct,1.0,0.055,1.0,-38.0,104.0,40.01088,110.72488428533127,173.81234310602923,34.03375380223608,149.27511571466874,643.6500000000001,True
6250.0,40.0,psi_85pct,0.85,0.04675,0.85,-54.0,112.0,40.12512,124.33824833895642,160.65092386232124,47.195173045944074,135.66175166104358,811.6499999999997,True
6250.0,40.0,psi_70pct,0.7,0.0385,0.7,-64.0,124.0,40.071839999999995,139.54210834009928,157.56540780372754,50.28068910453777,120.45789165990072,1022.2800000000002,True
6250.0,40.0,psi_55pct,0.55,0.030250000000000003,0.55,-88.0,130.0,40.0686,156.98407562552325,152.01894880423484,55.82714810403047,103.01592437447675,1293.81,True
6500.0,40.0,psi_100pct,1.0,0.055,1.0,-38.0,104.0,40.01088,110.72488428533127,180.62077098919582,27.22532591906949,149.27511571466874,643.6500000000001,True
6500.0,40.0,psi_85pct,0.85,0.04675,0.85,-54.0,112.0,40.12512,124.33824833895642,166.91968873961892,40.92640816864639,135.66175166104358,811.6499999999997,True
6500.0,40.0,psi_70pct,0.7,0.0385,0.7,-64.0,124.0,40.071839999999995,139.54210834009928,163.70665117465856,44.13944573360675,120.45789165990072,1022.2800000000002,True
6500.0,40.0,psi_55pct,0.55,0.030250000000000003,0.55,-88.0,130.0,40.0686,156.98407562552325,157.93081621793712,49.91528069032819,103.01592437447675,1293.81,True
6750.0,40.0,psi_100pct,1.0,0.055,1.0,-38.0,104.0,40.01088,110.72488428533127,187.42921567169714,20.416881236568173,149.27511571466874,643.6500000000001,True
6750.0,40.0,psi_85pct,0.85,0.04675,0.85,-54.0,112.0,40.12512,124.33824833895642,173.18848452529502,34.657612382970285,135.66175166104358,811.6499999999997,True
6750.0,40.0,psi_70pct,0.7,0.0385,0.7,-64.0,124.0,40.071839999999995,139.54210834009928,169.84796318104662,37.998133727218686,120.45789165990072,1022.2800000000002,True
6750.0,40.0,psi_55pct,0.55,0.030250000000000003,0.55,-88.0,130.0,40.0686,156.98407562552325,163.84279970345816,44.003297204807154,103.01592437447675,1293.81,True
7000.0,40.0,psi_100pct,1.0,0.055,1.0,-38.0,104.0,40.01088,110.72488428533127,194.23767538697575,13.608421521289557,149.27511571466874,643.6500000000001,True
7000.0,40.0,psi_85pct,0.85,0.04675,0.85,-54.0,112.0,40.12512,124.33824833895642,179.45730798027873,28.38878892798658,135.66175166104358,811.6499999999997,True
7000.0,40.0,psi_70pct,0.7,0.0385,0.7,-64.0,124.0,40.071839999999995,139.54210834009928,175.98933663759712,31.85676027066819,120.45789165990072,1022.2800000000002,True
7000.0,40.0,psi_55pct,0.55,0.030250000000000003,0.55,-88.0,130.0,40.0686,156.98407562552325,169.7548871336422,38.09120977462311,103.01592437447675,1293.81,True
7250.0,40.0,psi_100pct,1.0,0.055,1.0,-38.0,104.0,40.01088,110.72488428533127,201.04614860776945,6.799948300495856,149.27511571466874,643.6500000000001,True
7250.0,40.0,psi_85pct,0.85,0.04675,0.85,-54.0,112.0,40.12512,124.33824833895642,185.7261563027999,22.119940605465416,135.66175166104358,811.6499999999997,True
7250.0,40.0,psi_70pct,0.7,0.0385,0.7,-64.0,124.0,40.071839999999995,139.54210834009928,182.1307653280886,25.715331580176723,120.45789165990072,1022.2800000000002,True
7250.0,40.0,psi_55pct,0.55,0.030250000000000003,0.55,-88.0,130.0,40.0686,156.98407562552325,175.66706801369492,32.17902889457039,103.01592437447675,1293.81,True
7500.0,40.0,psi_100pct,1.0,0.055,1.0,-44.0,102.0,40.12272,111.08555261599052,203.65479407589646,4.191302832368848,148.91444738400946,647.8499999999999,True
7500.0,40.0,psi_85pct,0.85,0.04675,0.85,-54.0,112.0,40.12512,124.33824833895642,191.99502705700135,15.851069851263958,135.66175166104358,811.6499999999997,True
7500.0,40.0,psi_70pct,0.7,0.0385,0.7,-64.0,124.0,40.071839999999995,139.54210834009928,188.27224384733816,19.57385306092715,120.45789165990072,1022.2800000000002,True
7500.0,40.0,psi_55pct,0.55,0.030250000000000003,0.55,-88.0,130.0,40.0686,156.98407562552325,181.5793332154986,26.266763692766716,103.01592437447675,1293.81,True
7750.0,40.0,psi_100pct,1.0,0.055,1.0,-50.0,100.0,40.2,111.80339887498948,205.97908808628048,1.8670088219848253,148.19660112501052,656.2499999999999,True
7750.0,40.0,psi_85pct,0.85,0.04675,0.85,-54.0,112.0,40.12512,124.33824833895642,198.2639181150934,9.58217879317192,135.66175166104358,811.6499999999997,True
7750.0,40.0,psi_70pct,0.7,0.0385,0.7,-64.0,124.0,40.071839999999995,139.54210834009928,194.41376747311466,13.432329435150649,120.45789165990072,1022.2800000000002,True
7750.0,40.0,psi_55pct,0.55,0.030250000000000003,0.55,-88.0,130.0,40.0686,156.98407562552325,187.49167476217823,20.354422146087074,103.01592437447675,1293.81,True
8000.0,40.0,psi_100pct,1.0,0.055,1.0,-58.0,98.0,40.52496,113.87712676389407,207.17516414386915,0.6709327643961558,146.12287323610593,680.8199999999998,True
8000.0,40.0,psi_85pct,0.85,0.04675,0.85,-54.0,112.0,40.12512,124.33824833895642,204.5328276101453,3.3132692981200194,135.66175166104358,811.6499999999997,True
8000.0,40.0,psi_70pct,0.7,0.0385,0.7,-64.0,124.0,40.071839999999995,139.54210834009928,200.55533206158222,7.290764846683089,120.45789165990072,1022.2800000000002,True
8000.0,40.0,psi_55pct,0.55,0.030250000000000003,0.55,-88.0,130.0,40.0686,156.98407562552325,193.40408565217072,14.442011256094588,103.01592437447675,1293.81,True
8250.0,40.0,psi_100pct,1.0,0.055,1.0,-68.0,94.0,40.22448,116.01724009818541,205.15257165598518,2.693525252280125,143.98275990181457,706.65,True
8250.0,40.0,psi_85pct,0.85,0.04675,0.85,-58.0,110.0,40.0422,124.35433245367851,207.04613196430154,0.7999649439637722,135.64566754632148,811.8600000000001,True
8250.0,40.0,psi_70pct,0.7,0.0385,0.7,-64.0,124.0,40.071839999999995,139.54210834009928,206.6969339613803,1.1491629468850135,120.45789165990072,1022.2800000000002,True
8250.0,40.0,psi_55pct,0.55,0.030250000000000003,0.55,-88.0,130.0,40.0686,156.98407562552325,199.31655971459674,8.529537193668574,103.01592437447675,1293.81,True
8500.0,40.0,psi_100pct,1.0,0.055,1.0,-74.0,92.0,40.16352,118.06777714516353,206.48352622248592,1.3625706857793887,141.93222285483648,731.8499999999999,True
8500.0,40.0,psi_85pct,0.85,0.04675,0.85,-68.0,106.0,40.112519999999996,125.93649193144932,204.7175404813679,3.128556426897404,134.06350806855068,832.6500000000001,True
8500.0,40.0,psi_70pct,0.7,0.0385,0.7,-72.0,120.0,40.1616,139.9428454762872,205.33590310481648,2.5101938034488285,120.0571545237128,1028.16,True
8500.0,40.0,psi_55pct,0.55,0.030250000000000003,0.55,-88.0,130.0,40.0686,156.98407562552325,205.22909148962538,2.617005418639934,103.01592437447675,1293.81,True
8750.0,40.0,psi_100pct,1.0,0.055,1.0,-80.0,90.0,40.068000000000005,120.41594578792295,207.53084980619641,0.31524710206889495,139.58405421207704,761.25,True
8750.0,40.0,psi_85pct,0.85,0.04675,0.85,-74.0,104.0,40.254239999999996,127.6401190848708,205.87567130701538,1.9704256012499286,132.3598809151292,855.3299999999999,True
8750.0,40.0,psi_70pct,0.7,0.0385,0.7,-76.0,118.0,40.17192,140.356688476182,207.39587371170464,0.4502231965606711,119.643311523818,1034.2499999999998,True
8750.0,40.0,psi_55pct,0.55,0.030250000000000003,0.55,-92.0,128.0,40.189440000000005,157.63248396190426,207.5853420615187,0.2607548467466074,102.36751603809574,1304.5200000000002,True
9000.0,40.0,psi_100pct,1.0,0.055,1.0,-88.0,88.0,40.191359999999996,124.45079348883236,207.35407837668706,0.49201853157825326,135.54920651116765,813.1199999999998,True
9000.0,40.0,psi_85pct,0.85,0.04675,0.85,-78.0,102.0,40.067640000000004,128.40560735419618,207.5378859002094,0.3082110080559062,131.59439264580382,865.6200000000001,True
9000.0,40.0,psi_70pct,0.7,0.0385,0.7,-84.0,114.0,40.12344,141.60508465447137,205.27906640008885,2.567030508176458,118.39491534552863,1052.73,True
9000.0,40.0,psi_55pct,0.55,0.030250000000000003,0.55,-98.0,124.0,40.00488,158.05062480104277,206.39338932909,1.4527075791752964,101.94937519895723,1311.4499999999996,True
9250.0,40.0,psi_100pct,1.0,0.055,1.0,-94.0,86.0,40.02096,127.40486646906389,207.81065617170597,0.03544073655933744,132.5951335309361,852.18,True
9250.0,40.0,psi_85pct,0.85,0.04675,0.85,-86.0,100.0,40.434,131.89389675038038,207.39161570931074,0.45448119895456784,128.10610324961962,913.29,True
9250.0,40.0,psi_70pct,0.7,0.0385,0.7,-88.0,112.0,40.064640000000004,142.43595051811886,206.79529512143196,1.0508017868333468,117.56404948188114,1065.1200000000001,True
9250.0,40.0,psi_55pct,0.55,0.030250000000000003,0.55,-106.0,120.0,40.0968,160.11246047700348,204.57734979841226,3.2687471098530523,99.88753952299652,1345.89,True
9500.0,40.0,psi_100pct,1.0,0.055,1.0,-102.0,84.0,40.05792,132.13629327327143,207.0012395570285,0.8448573512368114,127.86370672672857,916.6499999999997,True
9500.0,40.0,psi_85pct,0.85,0.04675,0.85,-92.0,98.0,40.47204000000001,134.41726079637243,207.75242242547543,0.09367448278987922,125.58273920362757,948.5700000000002,True
9500.0,40.0,psi_70pct,0.7,0.0385,0.7,-94.0,110.0,40.2996,144.69277798148738,207.5339708996759,0.3121260085894164,115.30722201851262,1099.1399999999999,True
9500.0,40.0,psi_55pct,0.55,0.030250000000000003,0.55,-110.0,118.0,40.108200000000004,161.31955864060626,206.19790318712586,1.6481937211394495,98.68044135939374,1366.2600000000002,True
9750.0,40.0,psi_100pct,1.0,0.055,1.0,-110.0,82.0,40.0488,137.20058308913997,205.86877463271063,1.977322275554684,122.79941691086003,988.2600000000001,True
9750.0,40.0,psi_85pct,0.85,0.04675,0.85,-100.0,96.0,40.751999999999995,138.62178760930766,207.04623825257877,0.7998586556865348,121.37821239069234,1008.8399999999999,True
9750.0,40.0,psi_70pct,0.7,0.0385,0.7,-102.0,106.0,40.055279999999996,147.10540438746634,204.35303887857305,3.493058029692264,112.89459561253366,1136.1,True
9750.0,40.0,psi_55pct,0.55,0.030250000000000003,0.55,-114.0,116.0,40.09656,162.64070831129578,207.63772981453363,0.20836709373168105,97.35929168870422,1388.7299999999998,True
10000.0,40.0,psi_100pct,1.0,0.055,1.0,-118.0,82.0,40.99344000000001,143.69411957348845,206.97321368012166,0.8728832281436496,116.30588042651155,1084.0199999999998,True
10000.0,40.0,psi_85pct,0.85,0.04675,0.85,-104.0,94.0,40.44444,140.18559127100045,207.68838185352763,0.15771505473767888,119.81440872899955,1031.7299999999998,True
10000.0,40.0,psi_70pct,0.7,0.0385,0.7,-108.0,104.0,40.19808,149.9333185119305,204.55521259601156,3.290884312253752,110.06668148806949,1180.1999999999998,True
10000.0,40.0,psi_55pct,0.55,0.030250000000000003,0.55,-122.0,112.0,40.00416,165.61400906928134,204.98642857937458,2.8596683288907343,94.38599093071866,1439.97,True
10250.0,40.0,psi_100pct,1.0,0.055,1.0,-122.0,80.0,40.4544,145.89036979869508,207.33438668607417,0.5117102221911409,114.10963020130492,1117.41,True
10250.0,40.0,psi_85pct,0.85,0.04675,0.85,-110.0,92.0,40.3788,143.4015341619468,207.26756972353394,0.5785271847313709,116.59846583805319,1079.61,True
10250.0,40.0,psi_70pct,0.7,0.0385,0.7,-112.0,102.0,40.01256000000001,151.4859729479928,205.0964121265869,2.749684781678411,108.51402705200721,1204.7700000000002,True
10250.0,40.0,psi_55pct,0.55,0.030250000000000003,0.55,-128.0,110.0,40.2402,168.77203559831824,205.8047681694787,2.0413287387866035,91.22796440168176,1495.4099999999999,True
10500.0,40.0,psi_100pct,1.0,0.055,1.0,-128.0,78.0,40.11696,149.89329538041386,206.4122308470108,1.4338660612545198,110.10670461958614,1179.5700000000002,True
10500.0,40.0,psi_85pct,0.85,0.04675,0.85,-114.0,90.0,40.019400000000005,145.24462124292245,207.4334752035049,0.4126217047603973,114.75537875707755,1107.54,True
10500.0,40.0,psi_70pct,0.7,0.0385,0.7,-118.0,100.0,40.092,154.67385040788247,204.8730119394971,2.9730849687682053,105.32614959211753,1256.0100000000002,True
10500.0,40.0,psi_55pct,0.55,0.030250000000000003,0.55,-132.0,108.0,40.13064,170.55204484262273,206.66726603842935,1.1788308698359629,89.44795515737727,1527.1199999999997,True
10750.0,40.0,psi_100pct,1.0,0.055,1.0,-136.0,78.0,41.015519999999995,156.7801007781281,206.96135148894078,0.8847454193245312,103.21989922187191,1290.4499999999996,True
10750.0,40.0,psi_85pct,0.85,0.04675,0.85,-122.0,88.0,40.14384,150.42606157179014,205.66016879647313,2.1859281117921796,109.57393842820986,1187.9699999999998,True
10750.0,40.0,psi_70pct,0.7,0.0385,0.7,-124.0,98.0,40.13688,158.05062480104277,204.44767098595074,3.3984259223145727,101.94937519895723,1311.4499999999996,True
10750.0,40.0,psi_55pct,0.55,0.030250000000000003,0.55,-138.0,106.0,40.30332000000001,174.01149387324966,207.2115022452669,0.6345946629984098,85.98850612675034,1589.7,True
11000.0,40.0,psi_100pct,1.0,0.055,1.0,-138.0,76.0,40.18272,157.54364474646383,207.6871916730414,0.158905235223898,102.45635525353617,1303.05,True
11000.0,40.0,psi_85pct,0.85,0.04675,0.85,-128.0,88.0,40.90416,155.3319027115808,207.76284744338716,0.08324946487815055,104.6680972884192,1266.7199999999998,True
11000.0,40.0,psi_70pct,0.7,0.0385,0.7,-130.0,96.0,40.1472,161.60445538412608,203.82739316780456,4.018703740460751,98.39554461587392,1371.09,True
11000.0,40.0,psi_55pct,0.55,0.030250000000000003,0.55,-142.0,104.0,40.14192,176.0113632695344,207.7729717931676,0.07312511509769593,83.9886367304656,1626.45,True
11250.0,40.0,psi_100pct,1.0,0.055,1.0,-148.0,74.0,40.19088,165.46903033498444,203.8492922555443,3.9968046527210106,94.53096966501556,1437.4499999999998,True
11250.0,40.0,psi_85pct,0.85,0.04675,0.85,-132.0,86.0,40.46988,157.54364474646383,207.27852637589564,0.5675705323696718,102.45635525353617,1303.05,True
11250.0,40.0,psi_70pct,0.7,0.0385,0.7,-132.0,96.0,40.423680000000004,163.21764610482532,207.80076451737096,0.0453323908943446,96.78235389517468,1398.6,True
11250.0,40.0,psi_55pct,0.55,0.030250000000000003,0.55,-152.0,100.0,40.038,181.94504664870655,203.96001596175026,3.886080946515051,78.05495335129345,1737.9600000000003,True
11500.0,40.0,psi_100pct,1.0,0.055,1.0,-150.0,74.0,40.403999999999996,167.2602762164406,207.15240437957715,0.6936925286881603,92.73972378355941,1468.7400000000002,True
11500.0,40.0,psi_85pct,0.85,0.04675,0.85,-136.0,84.0,40.01256000000001,159.84992962150469,206.56847242194294,1.2776244863223667,100.15007037849531,1341.48,True
11500.0,40.0,psi_70pct,0.7,0.0385,0.7,-136.0,94.0,40.122960000000006,165.32392446346051,207.40707164037408,0.43902526789122476,94.67607553653949,1434.9299999999998,True
11500.0,40.0,psi_55pct,0.55,0.030250000000000003,0.55,-158.0,98.0,40.083960000000005,185.9247159470736,204.1639838633415,3.6821130449237955,74.0752840529264,1814.82,True
11750.0,40.0,psi_100pct,1.0,0.055,1.0,-158.0,72.0,40.14144,173.63179432350518,203.9185908009326,3.9275061073327038,86.36820567649482,1582.7700000000002,True
11750.0,40.0,psi_85pct,0.85,0.04675,0.85,-144.0,82.0,40.00452,165.71059109181888,203.89784923006835,3.9482476781969638,94.28940890818112,1441.6500000000003,True
11750.0,40.0,psi_70pct,0.7,0.0385,0.7,-142.0,92.0,40.06416,169.19810873647495,206.30087510120217,1.5452218070631432,90.80189126352505,1502.9699999999998,True
11750.0,40.0,psi_55pct,0.55,0.030250000000000003,0.55,-164.0,96.0,40.09536,190.03157632351525,204.30646976526626,3.539627142999052,69.96842367648475,1895.8800000000003,True
12000.0,40.0,psi_100pct,1.0,0.055,1.0,-160.0,72.0,40.3488,175.45369759569047,207.00837222576547,0.8377246824998394,84.54630240430953,1616.1599999999999,True
12000.0,40.0,psi_85pct,0.85,0.04675,0.85,-146.0,82.0,40.24068,167.45148551147582,207.2433704426623,0.6027264656030127,92.54851448852418,1472.1,True
12000.0,40.0,psi_70pct,0.7,0.0385,0.7,-150.0,90.0,40.230000000000004,174.92855684535903,204.5470305319807,3.2990663762845998,85.07144315464097,1606.5000000000002,True
12000.0,40.0,psi_55pct,0.55,0.030250000000000003,0.55,-170.0,94.0,40.07220000000001,194.25756098540927,204.40385628788928,3.442240620376026,65.74243901459073,1981.14,True
12250.0,40.0,psi_100pct,1.0,0.055,1.0,-166.0,72.0,40.97088,180.94197965093673,207.8099141903634,0.036182717901908745,79.05802034906327,1718.8500000000001,True
12250.0,40.0,psi_85pct,0.85,0.04675,0.85,-154.0,80.0,40.1808,173.5396208362805,204.21278564227632,3.6333112659889935,86.4603791637195,1581.09,True
12250.0,40.0,psi_70pct,0.7,0.0385,0.7,-154.0,90.0,40.7484,178.3704011320264,207.74830075396014,0.09779615430517197,81.62959886797361,1670.34,True
12250.0,40.0,psi_55pct,0.55,0.030250000000000003,0.55,-176.0,92.0,40.01448,198.59506539690256,204.4736612405223,3.3724356677430194,61.404934603097445,2070.6,True
12500.0,40.0,psi_100pct,1.0,0.055,1.0,-168.0,70.0,40.0344,182.0,207.34122017236203,0.5048767359032809,78.0,1739.0099999999998,True
12500.0,40.0,psi_85pct,0.85,0.04675,0.85,-156.0,80.0,40.41120000000001,175.31685600648902,207.39702273039796,0.44907417786734527,84.68314399351098,1613.64,True
12500.0,40.0,psi_70pct,0.7,0.0385,0.7,-156.0,88.0,40.09632,179.10890541790488,207.1620924217548,0.6840044865105028,80.89109458209512,1684.1999999999998,True
12500.0,40.0,psi_55pct,0.55,0.030250000000000003,0.55,-184.0,90.0,40.1814,204.83163818121457,204.70519609035412,3.140900817911188,55.16836181878543,2202.69,True
12750.0,40.0,psi_100pct,1.0,0.055,1.0,-176.0,70.0,40.8408,189.40960904874916,206.77155108091264,1.0745458273526651,70.59039095125084,1883.4899999999993,True
12750.0,40.0,psi_85pct,0.85,0.04675,0.85,-162.0,78.0,40.07484,179.79988876526036,204.87421664675495,2.971880261510364,80.20011123473964,1697.2199999999998,True
12750.0,40.0,psi_70pct,0.7,0.0385,0.7,-164.0,86.0,40.17576,185.18099254513137,205.081129929704,2.7649669785613185,74.81900745486863,1800.3300000000004,True
12750.0,40.0,psi_55pct,0.55,0.030250000000000003,0.55,-190.0,88.0,40.04880000000001,209.3895890439637,204.83635153225146,3.0097453760138535,50.610410956036304,2301.8099999999995,True
13000.0,40.0,psi_100pct,1.0,0.055,1.0,-180.0,68.0,40.0656,192.4162155328911,204.75114147489214,3.0949554333731726,67.5837844671089,1943.7599999999998,True
13000.0,40.0,psi_85pct,0.85,0.04675,0.85,-166.0,78.0,40.52412,183.412104289766,207.07134526642074,0.7747516418445741,76.587895710234,1766.1000000000001,True
13000.0,40.0,psi_70pct,0.7,0.0385,0.7,-170.0,86.0,40.918800000000005,190.51509126575775,207.80075541754132,0.045341490723984634,69.48490873424225,1905.5400000000004,True
13000.0,40.0,psi_55pct,0.55,0.030250000000000003,0.55,-198.0,86.0,40.12931999999999,215.87033144922904,205.31553674415318,2.5305601641121314,44.12966855077096,2446.4999999999995,True
13250.0,40.0,psi_100pct,1.0,0.055,1.0,-182.0,68.0,40.26144000000001,194.28844535895593,207.40207720095324,0.44401970731206575,65.71155464104407,1981.77,True
13250.0,40.0,psi_85pct,0.85,0.04675,0.85,-172.0,76.0,40.14168,188.04254837669055,204.2270359823729,3.6190609258923985,71.95745162330945,1856.3999999999999,True
13250.0,40.0,psi_70pct,0.7,0.0385,0.7,-172.0,84.0,40.20912,191.41577782408638,206.73895461816923,1.1071422900960783,68.58422217591362,1923.5999999999995,True
13250.0,40.0,psi_55pct,0.55,0.030250000000000003,0.55,-206.0,84.0,40.16376,222.46797522340154,206.00853526414053,1.8375616441247757,37.53202477659846,2598.3300000000004,True
13500.0,40.0,psi_100pct,1.0,0.055,1.0,-188.0,68.0,40.848960000000005,199.9199839935968,207.71354790417172,0.13254900409359038,60.08001600640321,2098.3199999999993,True
13500.0,40.0,psi_85pct,0.85,0.04675,0.85,-174.0,76.0,40.36056,189.87364219396014,207.1272836013178,0.71881330694751,70.12635780603986,1892.7299999999996,True
13500.0,40.0,psi_70pct,0.7,0.0385,0.7,-180.0,82.0,40.196400000000004,197.7978766316767,204.49614830130486,3.349948606960453,62.2021233683233,2054.01,True
13500.0,40.0,psi_55pct,0.55,0.030250000000000003,0.55,-214.0,82.0,40.152120000000004,229.17242417009948,206.95244676018604,0.8936501480792742,30.827575829900525,2757.2999999999997,True
13750.0,40.0,psi_100pct,1.0,0.055,1.0,-192.0,66.0,40.02768,203.02709178826356,205.15729427630797,2.688802631957344,56.97290821173644,2164.05,True
13750.0,40.0,psi_85pct,0.85,0.04675,0.85,-182.0,74.0,40.15092,196.468827043885,203.1789114815443,4.667185426721005,63.531172956115,2026.4999999999993,True
13750.0,40.0,psi_70pct,0.7,0.0385,0.7,-184.0,82.0,40.66871999999999,201.44478151592807,207.57979984525574,0.26629706300957423,58.55521848407193,2130.45,True
13750.0,40.0,psi_55pct,0.55,0.030250000000000003,0.55,-232.0,78.0,40.21524000000001,244.76110802167898,206.8140970267334,1.0319998815319025,15.238891978321021,3145.17,True
14000.0,40.0,psi_100pct,1.0,0.055,1.0,-194.0,66.0,40.21776,204.91949638821583,207.5924068184304,0.2536900898349188,55.08050361178417,2204.5800000000004,True
14000.0,40.0,psi_85pct,0.85,0.04675,0.85,-182.0,74.0,40.15092,196.468827043885,206.74812688532836,1.0979700229369485,63.531172956115,2026.4999999999993,True
14000.0,40.0,psi_70pct,0.7,0.0385,0.7,-188.0,80.0,40.137600000000006,204.31348462595415,205.8374655765238,2.0086313317414977,55.686515374045854,2191.5599999999995,True
14000.0,40.0,psi_55pct,0.55,0.030250000000000003,0.55,,,,,,,,,False
14250.0,40.0,psi_100pct,1.0,0.055,1.0,-200.0,66.0,40.788,210.6086417980041,207.68822666597347,0.15787024229183544,49.3913582019959,2328.69,True
14250.0,40.0,psi_85pct,0.85,0.04675,0.85,-190.0,74.0,41.0034,203.90193721492693,207.20697476301413,0.6391221452511786,56.09806278507307,2182.74,True
14250.0,40.0,psi_70pct,0.7,0.0385,0.7,-196.0,78.0,40.03272,210.95023109728987,203.59203513484502,4.25406177342029,49.04976890271013,2336.2499999999995,True
14250.0,40.0,psi_55pct,0.55,0.030250000000000003,0.55,,,,,,,,,False
14500.0,40.0,psi_100pct,1.0,0.055,1.0,-206.0,64.0,40.104960000000005,215.7127719909046,203.46966793092452,4.376428977340794,44.2872280090954,2442.93,True
14500.0,40.0,psi_85pct,0.85,0.04675,0.85,-192.0,72.0,40.102560000000004,205.05608988762074,205.2063702924376,2.6397266158276977,54.94391011237926,2207.5199999999995,True
14500.0,40.0,psi_70pct,0.7,0.0385,0.7,-196.0,78.0,40.03272,210.95023109728987,207.0390150048396,0.8070819034257113,49.04976890271013,2336.2499999999995,True
14500.0,40.0,psi_55pct,0.55,0.030250000000000003,0.55,,,,,,,,,False
14750.0,40.0,psi_100pct,1.0,0.055,1.0,-206.0,64.0,40.104960000000005,215.7127719909046,206.85253375061063,0.9935631576546768,44.2872280090954,2442.93,True
14750.0,40.0,psi_85pct,0.85,0.04675,0.85,-196.0,72.0,40.51728,208.806130178211,207.13305245942544,0.7130444488398666,51.19386982178901,2288.9999999999995,True
14750.0,40.0,psi_70pct,0.7,0.0385,0.7,-206.0,76.0,40.10064,219.57231155134292,204.74610192807526,3.099994980190047,40.42768844865708,2531.1299999999997,True
14750.0,40.0,psi_55pct,0.55,0.030250000000000003,0.55,,,,,,,,,False
15000.0,40.0,psi_100pct,1.0,0.055,1.0,-212.0,64.0,40.657920000000004,221.44976857066254,206.78607476894666,1.0600221393186473,38.55023142933746,2574.6000000000004,True
15000.0,40.0,psi_85pct,0.85,0.04675,0.85,-204.0,70.0,40.1982,215.67568244936655,202.72837355499198,5.117723353273334,44.32431755063345,2442.0899999999997,True
15000.0,40.0,psi_70pct,0.7,0.0385,0.7,-216.0,74.0,40.11096,228.32433072276814,202.84150031650324,5.004596591762066,31.67566927723186,2736.93,True
15000.0,40.0,psi_55pct,0.55,0.030250000000000003,0.55,,,,,,,,,False
15250.0,40.0,psi_100pct,1.0,0.055,1.0,-218.0,64.0,41.21088,227.2003521124032,206.76770537419625,1.0783915340690555,32.79964788759679,2710.0499999999997,True
15250.0,40.0,psi_85pct,0.85,0.04675,0.85,-204.0,70.0,40.1982,215.67568244936655,205.98136914959508,1.8647277586702273,44.32431755063345,2442.0899999999997,True
15250.0,40.0,psi_70pct,0.7,0.0385,0.7,-216.0,74.0,40.11096,228.32433072276814,206.09615347498345,1.7499434332818566,31.67566927723186,2736.93,True
15250.0,40.0,psi_55pct,0.55,0.030250000000000003,0.55,,,,,,,,,False
15500.0,40.0,psi_100pct,1.0,0.055,1.0,-220.0,62.0,40.101600000000005,228.56946427727394,204.16376472903067,3.682332179234635,31.430535722726063,2742.8100000000004,True
15500.0,40.0,psi_85pct,0.85,0.04675,0.85,-210.0,70.0,40.803,221.35943621178654,207.2770635369209,0.5690333713444033,38.640563788213456,2572.4999999999995,True
15500.0,40.0,psi_70pct,0.7,0.0385,0.7,-226.0,72.0,40.06368,237.19190542680835,204.57804067689426,3.268056231371048,22.808094573191653,2953.649999999999,True
15500.0,40.0,psi_55pct,0.55,0.030250000000000003,0.55,,,,,,,,,False
15750.0,40.0,psi_100pct,1.0,0.055,1.0,-220.0,62.0,40.101600000000005,228.56946427727394,207.33168976602153,0.5144071422437833,31.430535722726063,2742.8100000000004,True
15750.0,40.0,psi_85pct,0.85,0.04675,0.85,-214.0,68.0,40.02888,224.54398232862977,203.9435625023836,3.9025344058817097,35.45601767137023,2647.05,True
15750.0,40.0,psi_70pct,0.7,0.0385,0.7,-226.0,72.0,40.06368,237.19190542680835,207.75262922292757,0.09346768533774252,22.808094573191653,2953.649999999999,True
15750.0,40.0,psi_55pct,0.55,0.030250000000000003,0.55,,,,,,,,,False
16000.0,40.0,psi_100pct,1.0,0.055,1.0,-226.0,62.0,40.637280000000004,234.35016535091245,207.1557478458245,0.6903490624408164,25.649834649087552,2883.2999999999997,True
16000.0,40.0,psi_85pct,0.85,0.04675,0.85,-214.0,68.0,40.02888,224.54398232862977,207.0560576277745,0.7900392804908165,35.45601767137023,2647.05,True
16000.0,40.0,psi_70pct,0.7,0.0385,0.7,-238.0,70.0,40.1604,248.08063205337092,207.09091822686983,0.7551786813954777,11.91936794662908,3231.06,True
16000.0,40.0,psi_55pct,0.55,0.030250000000000003,0.55,,,,,,,,,False
16250.0,40.0,psi_100pct,1.0,0.055,1.0,-232.0,62.0,41.17296,240.14162487998618,207.0732224597322,0.7728744485331163,19.858375120013818,3027.5699999999997,True
16250.0,40.0,psi_85pct,0.85,0.04675,0.85,-224.0,68.0,41.00808000000001,234.0939982143925,207.4399426439851,0.40615426428021806,25.906001785607486,2876.9999999999995,True
16250.0,40.0,psi_70pct,0.7,0.0385,0.7,-250.0,68.0,40.188,259.0829982843336,207.420436529583,0.4256603786823234,0.9170017156664017,3524.0099999999998,True
16250.0,40.0,psi_55pct,0.55,0.030250000000000003,0.55,,,,,,,,,False
16500.0,40.0,psi_100pct,1.0,0.055,1.0,-234.0,60.0,40.0176,241.56986567036876,203.85783577594069,3.9882611323246238,18.430134329631244,3063.6899999999996,True
16500.0,40.0,psi_85pct,0.85,0.04675,0.85,-228.0,66.0,40.18212,237.36048533822978,203.8922916856002,3.953805222665096,22.63951466177022,2957.8499999999995,True
16500.0,40.0,psi_70pct,0.7,0.0385,0.7,,,,,,,,,False
16500.0,40.0,psi_55pct,0.55,0.030250000000000003,0.55,,,,,,,,,False
16750.0,40.0,psi_100pct,1.0,0.055,1.0,-234.0,60.0,40.0176,241.56986567036876,206.82136573280152,1.024731175463785,18.430134329631244,3063.6899999999996,True
16750.0,40.0,psi_85pct,0.85,0.04675,0.85,-228.0,66.0,40.18212,237.36048533822978,206.8560539327857,0.9900429754796107,22.63951466177022,2957.8499999999995,True
16750.0,40.0,psi_70pct,0.7,0.0385,0.7,,,,,,,,,False
16750.0,40.0,psi_55pct,0.55,0.030250000000000003,0.55,,,,,,,,,False
17000.0,40.0,psi_100pct,1.0,0.055,1.0,-238.0,60.0,40.3632,245.446531855718,207.66927297970685,0.17682392855846274,14.553468144281993,3162.81,True
17000.0,40.0,psi_85pct,0.85,0.04675,0.85,-240.0,64.0,40.0704,248.3867951401604,201.69713230349035,6.14896460477496,11.613204859839612,3239.0400000000004,True
17000.0,40.0,psi_70pct,0.7,0.0385,0.7,,,,,,,,,False
17000.0,40.0,psi_55pct,0.55,0.030250000000000003,0.55,,,,,,,,,False
17250.0,40.0,psi_100pct,1.0,0.055,1.0,-244.0,60.0,40.8816,251.26878039263056,207.57857618711708,0.2675207211482302,8.73121960736944,3314.64,True
17250.0,40.0,psi_85pct,0.85,0.04675,0.85,-240.0,64.0,40.0704,248.3867951401604,204.5363985267357,3.309698381529614,11.613204859839612,3239.0400000000004,True
17250.0,40.0,psi_70pct,0.7,0.0385,0.7,,,,,,,,,False
17250.0,40.0,psi_55pct,0.55,0.030250000000000003,0.55,,,,,,,,,False
17500.0,40.0,psi_100pct,1.0,0.055,1.0,-250.0,58.0,40.019999999999996,256.6398254363496,201.89914863205712,5.9469482762081896,3.3601745636503892,3457.8599999999997,True
17500.0,40.0,psi_85pct,0.85,0.04675,0.85,-240.0,64.0,40.0704,248.3867951401604,207.37566593390773,0.4704309743575834,11.613204859839612,3239.0400000000004,True
17500.0,40.0,psi_70pct,0.7,0.0385,0.7,,,,,,,,,False
17500.0,40.0,psi_55pct,0.55,0.030250000000000003,0.55,,,,,,,,,False
17750.0,40.0,psi_100pct,1.0,0.055,1.0,-250.0,58.0,40.019999999999996,256.6398254363496,204.65662989733627,3.189467010929036,3.3601745636503892,3457.8599999999997,True
17750.0,40.0,psi_85pct,0.85,0.04675,0.85,,,,,,,,,False
17750.0,40.0,psi_70pct,0.7,0.0385,0.7,,,,,,,,,False
17750.0,40.0,psi_55pct,0.55,0.030250000000000003,0.55,,,,,,,,,False
18000.0,40.0,psi_100pct,1.0,0.055,1.0,-250.0,58.0,40.019999999999996,256.6398254363496,207.41411301507912,0.43198389318618524,3.3601745636503892,3457.8599999999997,True
18000.0,40.0,psi_85pct,0.85,0.04675,0.85,,,,,,,,,False
18000.0,40.0,psi_70pct,0.7,0.0385,0.7,,,,,,,,,False
18000.0,40.0,psi_55pct,0.55,0.030250000000000003,0.55,,,,,,,,,False
